{"textures":{"0":"modelengine:entity/fleshrat"},"elements":[{"from":[6.5,7.375,8.375],"to":[10.0,9.125,10.125],"faces":{"east":{"uv":[1.0,7.5,1.75,8.25],"tintindex":0,"rotation":0,"texture":"#0"},"south":{"uv":[0.0,4.5,1.25,5.25],"tintindex":0,"rotation":0,"texture":"#0"},"north":{"uv":[4.0,3.0,5.25,3.75],"tintindex":0,"rotation":0,"texture":"#0"},"west":{"uv":[2.5,7.5,3.25,8.25],"tintindex":0,"rotation":0,"texture":"#0"},"up":{"uv":[3.25,5.25,2.0,4.5],"tintindex":0,"rotation":0,"texture":"#0"},"down":{"uv":[5.25,4.5,4.0,5.25],"tintindex":0,"rotation":0,"texture":"#0"}}}]}