{"textures":{"0":"modelengine:entity/fleshrat"},"elements":[{"from":[6.75,7.5,10.0],"to":[9.75,9.0,11.5],"faces":{"east":{"uv":[10.0,8.0,10.5,8.5],"tintindex":0,"rotation":0,"texture":"#0"},"south":{"uv":[8.5,7.5,9.5,8.0],"tintindex":0,"rotation":0,"texture":"#0"},"north":{"uv":[5.5,8.5,6.5,9.0],"tintindex":0,"rotation":0,"texture":"#0"},"west":{"uv":[10.0,9.0,10.5,9.5],"tintindex":0,"rotation":0,"texture":"#0"},"up":{"uv":[9.5,9.0,8.5,8.5],"tintindex":0,"rotation":0,"texture":"#0"},"down":{"uv":[2.0,9.0,1.0,9.5],"tintindex":0,"rotation":0,"texture":"#0"}}}]}