{"textures":{"0":"modelengine:entity/fleshrat"},"elements":[{"from":[7.0,7.607143,7.892857],"to":[9.285714,8.75,9.178572],"rotation":{"angle":0.0,"axis":"y","origin":[8.0,8.607142,4.035714]},"faces":{"east":{"uv":[6.0,4.5,7.0,5.25],"rotation":0,"texture":"#0","tintindex":0},"south":{"uv":[2.0,3.0,3.5,3.75],"rotation":0,"texture":"#0","tintindex":0},"north":{"uv":[0.0,3.0,1.5,3.75],"rotation":0,"texture":"#0","tintindex":0},"west":{"uv":[5.5,6.0,6.5,6.75],"rotation":0,"texture":"#0","tintindex":0},"up":{"uv":[1.5,1.0,0.0,0.0],"rotation":0,"texture":"#0","tintindex":0},"down":{"uv":[1.5,1.5,0.0,2.5],"rotation":0,"texture":"#0","tintindex":0}}},{"from":[7.142857,7.607143,9.178572],"to":[9.142858,8.607142,10.321428],"rotation":{"angle":0.0,"axis":"y","origin":[8.0,8.607142,4.035714]},"faces":{"east":{"uv":[7.5,3.0,8.25,3.75],"rotation":0,"texture":"#0","tintindex":0},"south":{"uv":[6.0,0.0,7.25,0.75],"rotation":0,"texture":"#0","tintindex":0},"north":{"uv":[0.0,6.0,1.25,6.75],"rotation":0,"texture":"#0","tintindex":0},"west":{"uv":[4.0,7.5,4.75,8.25],"rotation":0,"texture":"#0","tintindex":0},"up":{"uv":[7.25,2.25,6.0,1.5],"rotation":0,"texture":"#0","tintindex":0},"down":{"uv":[3.25,6.0,2.0,6.75],"rotation":0,"texture":"#0","tintindex":0}}}],"display":{"head":{"translation":[0.0,-6.4,0.0],"scale":[4.0,4.0,4.0]}}}