{"textures":{"0":"modelengine:entity/fleshrat"},"elements":[{"from":[7.285714,7.714286,8.0],"to":[9.0,8.571428,8.857143],"rotation":{"angle":0.0,"axis":"y","origin":[8.0,8.714286,6.0]},"faces":{"east":{"uv":[7.0,10.0,7.5,10.5],"rotation":0,"texture":"#0","tintindex":0},"south":{"uv":[8.0,5.5,9.0,6.0],"rotation":0,"texture":"#0","tintindex":0},"north":{"uv":[8.0,2.0,9.0,2.5],"rotation":0,"texture":"#0","tintindex":0},"west":{"uv":[10.0,7.0,10.5,7.5],"rotation":0,"texture":"#0","tintindex":0},"up":{"uv":[9.0,7.0,8.0,6.5],"rotation":0,"texture":"#0","tintindex":0},"down":{"uv":[8.0,8.0,7.0,8.5],"rotation":0,"texture":"#0","tintindex":0}}}],"display":{"head":{"translation":[0.0,-6.4,0.0],"scale":[4.0,4.0,4.0]}}}