{"textures":{"0":"modelengine:entity/fleshrat"},"elements":[{"from":[6.75,7.5,8.0],"to":[9.75,9.0,9.5],"faces":{"east":{"uv":[7.0,10.0,7.5,10.5],"tintindex":0,"rotation":0,"texture":"#0"},"south":{"uv":[8.0,5.5,9.0,6.0],"tintindex":0,"rotation":0,"texture":"#0"},"north":{"uv":[8.0,2.0,9.0,2.5],"tintindex":0,"rotation":0,"texture":"#0"},"west":{"uv":[10.0,7.0,10.5,7.5],"tintindex":0,"rotation":0,"texture":"#0"},"up":{"uv":[9.0,7.0,8.0,6.5],"tintindex":0,"rotation":0,"texture":"#0"},"down":{"uv":[8.0,8.0,7.0,8.5],"tintindex":0,"rotation":0,"texture":"#0"}}}]}