{"textures":{"0":"modelengine:entity/fleshrat"},"elements":[{"from":[7.285714,7.714286,9.142858],"to":[9.0,8.571428,10.0],"rotation":{"angle":0.0,"axis":"y","origin":[8.0,8.714286,2.8571424]},"faces":{"east":{"uv":[10.0,8.0,10.5,8.5],"rotation":0,"texture":"#0","tintindex":0},"south":{"uv":[8.5,7.5,9.5,8.0],"rotation":0,"texture":"#0","tintindex":0},"north":{"uv":[5.5,8.5,6.5,9.0],"rotation":0,"texture":"#0","tintindex":0},"west":{"uv":[10.0,9.0,10.5,9.5],"rotation":0,"texture":"#0","tintindex":0},"up":{"uv":[9.5,9.0,8.5,8.5],"rotation":0,"texture":"#0","tintindex":0},"down":{"uv":[2.0,9.0,1.0,9.5],"rotation":0,"texture":"#0","tintindex":0}}}],"display":{"head":{"translation":[0.0,-6.4,0.0],"scale":[4.0,4.0,4.0]}}}