{"textures":{"0":"modelengine:entity/fleshrat"},"elements":[{"from":[6.5,7.3125,10.0625],"to":[10.0,9.0625,12.0625],"faces":{"east":{"uv":[7.5,3.0,8.25,3.75],"tintindex":0,"rotation":0,"texture":"#0"},"south":{"uv":[6.0,0.0,7.25,0.75],"tintindex":0,"rotation":0,"texture":"#0"},"north":{"uv":[0.0,6.0,1.25,6.75],"tintindex":0,"rotation":0,"texture":"#0"},"west":{"uv":[4.0,7.5,4.75,8.25],"tintindex":0,"rotation":0,"texture":"#0"},"up":{"uv":[7.25,2.25,6.0,1.5],"tintindex":0,"rotation":0,"texture":"#0"},"down":{"uv":[3.25,6.0,2.0,6.75],"tintindex":0,"rotation":0,"texture":"#0"}}},{"from":[6.25,7.3125,7.8125],"to":[10.25,9.3125,10.0625],"faces":{"east":{"uv":[6.0,4.5,7.0,5.25],"tintindex":0,"rotation":0,"texture":"#0"},"south":{"uv":[2.0,3.0,3.5,3.75],"tintindex":0,"rotation":0,"texture":"#0"},"north":{"uv":[0.0,3.0,1.5,3.75],"tintindex":0,"rotation":0,"texture":"#0"},"west":{"uv":[5.5,6.0,6.5,6.75],"tintindex":0,"rotation":0,"texture":"#0"},"up":{"uv":[1.5,1.0,0.0,0.0],"tintindex":0,"rotation":0,"texture":"#0"},"down":{"uv":[1.5,1.5,0.0,2.5],"tintindex":0,"rotation":0,"texture":"#0"}}}]}