{"textures":{"0":"modelengine:entity/fleshrat"},"elements":[{"from":[7.142857,7.642857,8.214286],"to":[9.142858,8.642858,9.214286],"rotation":{"angle":0.0,"axis":"y","origin":[8.0,8.642858,5.3571424]},"faces":{"east":{"uv":[1.0,7.5,1.75,8.25],"rotation":0,"texture":"#0","tintindex":0},"south":{"uv":[0.0,4.5,1.25,5.25],"rotation":0,"texture":"#0","tintindex":0},"north":{"uv":[4.0,3.0,5.25,3.75],"rotation":0,"texture":"#0","tintindex":0},"west":{"uv":[2.5,7.5,3.25,8.25],"rotation":0,"texture":"#0","tintindex":0},"up":{"uv":[3.25,5.25,2.0,4.5],"rotation":0,"texture":"#0","tintindex":0},"down":{"uv":[5.25,4.5,4.0,5.25],"rotation":0,"texture":"#0","tintindex":0}}}],"display":{"head":{"translation":[0.0,-6.4,0.0],"scale":[4.0,4.0,4.0]}}}