{"textures":{"0":"modelengine:entity/fleshrat"},"elements":[{"from":[7.285714,7.6904764,6.595238],"to":[9.0,8.547619,6.8809524],"rotation":{"angle":0.0,"axis":"y","origin":[8.0,8.690476,7.452381]},"faces":{"east":{"uv":[10.5,4.0,10.75,4.5],"rotation":0,"texture":"#0","tintindex":0},"south":{"uv":[5.5,7.5,6.5,8.0],"rotation":0,"texture":"#0","tintindex":0},"north":{"uv":[7.5,4.5,8.5,5.0],"rotation":0,"texture":"#0","tintindex":0},"west":{"uv":[5.0,10.5,5.25,11.0],"rotation":0,"texture":"#0","tintindex":0},"up":{"uv":[6.5,9.75,5.5,9.5],"rotation":0,"texture":"#0","tintindex":0},"down":{"uv":[9.5,9.5,8.5,9.75],"rotation":0,"texture":"#0","tintindex":0}}},{"from":[7.142857,7.6904764,6.8809524],"to":[9.142858,8.690476,8.309524],"rotation":{"angle":0.0,"axis":"y","origin":[8.0,8.690476,7.452381]},"faces":{"east":{"uv":[6.0,3.0,7.0,3.75],"rotation":0,"texture":"#0","tintindex":0},"south":{"uv":[4.0,1.5,5.25,2.25],"rotation":0,"texture":"#0","tintindex":0},"north":{"uv":[4.0,0.0,5.25,0.75],"rotation":0,"texture":"#0","tintindex":0},"west":{"uv":[4.0,6.0,5.0,6.75],"rotation":0,"texture":"#0","tintindex":0},"up":{"uv":[3.25,1.0,2.0,0.0],"rotation":0,"texture":"#0","tintindex":0},"down":{"uv":[3.25,1.5,2.0,2.5],"rotation":0,"texture":"#0","tintindex":0}}},{"from":[7.285714,7.6904764,8.309524],"to":[9.0,8.547619,8.738095],"rotation":{"angle":0.0,"axis":"y","origin":[8.142858,8.547619,7.452381]},"faces":{"east":{"uv":[6.0,10.5,6.25,11.0],"rotation":0,"texture":"#0","tintindex":0},"south":{"uv":[8.0,1.0,9.0,1.5],"rotation":0,"texture":"#0","tintindex":0},"north":{"uv":[8.0,0.0,9.0,0.5],"rotation":0,"texture":"#0","tintindex":0},"west":{"uv":[8.0,10.5,8.25,11.0],"rotation":0,"texture":"#0","tintindex":0},"up":{"uv":[1.0,10.25,0.0,10.0],"rotation":0,"texture":"#0","tintindex":0},"down":{"uv":[2.5,10.0,1.5,10.25],"rotation":0,"texture":"#0","tintindex":0}}}],"display":{"head":{"translation":[0.0,-6.4,0.0],"scale":[4.0,4.0,4.0]}}}