{"textures":{"0":"modelengine:entity/fleshrat"},"elements":[{"from":[6.75,7.4583335,5.5416665],"to":[9.75,8.958333,6.0416665],"faces":{"east":{"uv":[10.5,4.0,10.75,4.5],"tintindex":0,"rotation":0,"texture":"#0"},"south":{"uv":[5.5,7.5,6.5,8.0],"tintindex":0,"rotation":0,"texture":"#0"},"north":{"uv":[7.5,4.5,8.5,5.0],"tintindex":0,"rotation":0,"texture":"#0"},"west":{"uv":[5.0,10.5,5.25,11.0],"tintindex":0,"rotation":0,"texture":"#0"},"up":{"uv":[6.5,9.75,5.5,9.5],"tintindex":0,"rotation":0,"texture":"#0"},"down":{"uv":[9.5,9.5,8.5,9.75],"tintindex":0,"rotation":0,"texture":"#0"}}},{"from":[6.75,7.4583335,8.541666],"to":[9.75,8.958333,9.291666],"faces":{"east":{"uv":[6.0,10.5,6.25,11.0],"tintindex":0,"rotation":0,"texture":"#0"},"south":{"uv":[8.0,1.0,9.0,1.5],"tintindex":0,"rotation":0,"texture":"#0"},"north":{"uv":[8.0,0.0,9.0,0.5],"tintindex":0,"rotation":0,"texture":"#0"},"west":{"uv":[8.0,10.5,8.25,11.0],"tintindex":0,"rotation":0,"texture":"#0"},"up":{"uv":[1.0,10.25,0.0,10.0],"tintindex":0,"rotation":0,"texture":"#0"},"down":{"uv":[2.5,10.0,1.5,10.25],"tintindex":0,"rotation":0,"texture":"#0"}}},{"from":[6.5,7.4583335,6.0416665],"to":[10.0,9.208333,8.541666],"faces":{"east":{"uv":[6.0,3.0,7.0,3.75],"tintindex":0,"rotation":0,"texture":"#0"},"south":{"uv":[4.0,1.5,5.25,2.25],"tintindex":0,"rotation":0,"texture":"#0"},"north":{"uv":[4.0,0.0,5.25,0.75],"tintindex":0,"rotation":0,"texture":"#0"},"west":{"uv":[4.0,6.0,5.0,6.75],"tintindex":0,"rotation":0,"texture":"#0"},"up":{"uv":[3.25,1.0,2.0,0.0],"tintindex":0,"rotation":0,"texture":"#0"},"down":{"uv":[3.25,1.5,2.0,2.5],"tintindex":0,"rotation":0,"texture":"#0"}}}]}