{"textures":{"0":"modelengine:entity/fleshrat"},"elements":[{"from":[7.0,7.625,7.625],"to":[9.5,8.875,8.875],"faces":{"east":{"uv":[3.0,10.0,3.5,10.5],"tintindex":0,"rotation":0,"texture":"#0"},"south":{"uv":[9.0,3.0,9.75,3.5],"tintindex":0,"rotation":0,"texture":"#0"},"north":{"uv":[2.5,9.0,3.25,9.5],"tintindex":0,"rotation":0,"texture":"#0"},"west":{"uv":[4.0,10.0,4.5,10.5],"tintindex":0,"rotation":0,"texture":"#0"},"up":{"uv":[4.75,9.5,4.0,9.0],"tintindex":0,"rotation":0,"texture":"#0"},"down":{"uv":[9.75,4.0,9.0,4.5],"tintindex":0,"rotation":0,"texture":"#0"}}}]}