{"textures":{"0":"modelengine:entity/fleshrat"},"elements":[{"from":[7.428571,7.785714,7.785714],"to":[8.857143,8.5,8.5],"rotation":{"angle":0.0,"axis":"y","origin":[8.0,8.785714,6.5]},"faces":{"east":{"uv":[3.0,10.0,3.5,10.5],"rotation":0,"texture":"#0","tintindex":0},"south":{"uv":[9.0,3.0,9.75,3.5],"rotation":0,"texture":"#0","tintindex":0},"north":{"uv":[2.5,9.0,3.25,9.5],"rotation":0,"texture":"#0","tintindex":0},"west":{"uv":[4.0,10.0,4.5,10.5],"rotation":0,"texture":"#0","tintindex":0},"up":{"uv":[4.75,9.5,4.0,9.0],"rotation":0,"texture":"#0","tintindex":0},"down":{"uv":[9.75,4.0,9.0,4.5],"rotation":0,"texture":"#0","tintindex":0}}}],"display":{"head":{"translation":[0.0,-6.4,0.0],"scale":[4.0,4.0,4.0]}}}