{"textures":{"0":"modelengine:entity/fleshrat"},"elements":[{"from":[7.0,7.6875,9.5],"to":[9.5,8.9375,11.0],"faces":{"east":{"uv":[10.0,10.0,10.5,10.5],"tintindex":0,"rotation":0,"texture":"#0"},"south":{"uv":[9.5,0.0,10.25,0.5],"tintindex":0,"rotation":0,"texture":"#0"},"north":{"uv":[7.0,9.0,7.75,9.5],"tintindex":0,"rotation":0,"texture":"#0"},"west":{"uv":[10.5,3.0,11.0,3.5],"tintindex":0,"rotation":0,"texture":"#0"},"up":{"uv":[10.25,1.5,9.5,1.0],"tintindex":0,"rotation":0,"texture":"#0"},"down":{"uv":[10.25,2.0,9.5,2.5],"tintindex":0,"rotation":0,"texture":"#0"}}},{"from":[7.25,7.6875,11.0],"to":[9.25,8.6875,15.0],"faces":{"east":{"uv":[9.5,5.0,11.0,5.25],"tintindex":0,"rotation":0,"texture":"#0"},"south":{"uv":[0.0,11.0,0.5,11.25],"tintindex":0,"rotation":0,"texture":"#0"},"north":{"uv":[9.0,10.5,9.5,10.75],"tintindex":0,"rotation":0,"texture":"#0"},"west":{"uv":[9.5,6.0,11.0,6.25],"tintindex":0,"rotation":0,"texture":"#0"},"up":{"uv":[7.5,7.5,7.0,6.0],"tintindex":0,"rotation":0,"texture":"#0"},"down":{"uv":[0.5,7.5,0.0,9.0],"tintindex":0,"rotation":0,"texture":"#0"}},"rotation":{"origin":[8.0,9.4375,-3.0],"angle":0.0,"axis":"y"}}]}