{"textures":{"0":"modelengine:entity/fleshrat"},"elements":[{"from":[7.428571,7.821429,8.857143],"to":[8.857143,8.535714,9.714286],"rotation":{"angle":0.0,"axis":"y","origin":[8.0,8.821428,1.7142854]},"faces":{"east":{"uv":[10.0,10.0,10.5,10.5],"rotation":0,"texture":"#0","tintindex":0},"south":{"uv":[9.5,0.0,10.25,0.5],"rotation":0,"texture":"#0","tintindex":0},"north":{"uv":[7.0,9.0,7.75,9.5],"rotation":0,"texture":"#0","tintindex":0},"west":{"uv":[10.5,3.0,11.0,3.5],"rotation":0,"texture":"#0","tintindex":0},"up":{"uv":[10.25,1.5,9.5,1.0],"rotation":0,"texture":"#0","tintindex":0},"down":{"uv":[10.25,2.0,9.5,2.5],"rotation":0,"texture":"#0","tintindex":0}}},{"from":[7.5714283,7.821429,9.714286],"to":[8.714286,8.392858,12.0],"rotation":{"angle":0.0,"axis":"y","origin":[8.0,8.821428,1.7142854]},"faces":{"east":{"uv":[9.5,5.0,11.0,5.25],"rotation":0,"texture":"#0","tintindex":0},"south":{"uv":[0.0,11.0,0.5,11.25],"rotation":0,"texture":"#0","tintindex":0},"north":{"uv":[9.0,10.5,9.5,10.75],"rotation":0,"texture":"#0","tintindex":0},"west":{"uv":[9.5,6.0,11.0,6.25],"rotation":0,"texture":"#0","tintindex":0},"up":{"uv":[7.5,7.5,7.0,6.0],"rotation":0,"texture":"#0","tintindex":0},"down":{"uv":[0.5,7.5,0.0,9.0],"rotation":0,"texture":"#0","tintindex":0}}}],"display":{"head":{"translation":[0.0,-6.4,0.0],"scale":[4.0,4.0,4.0]}}}