{
  "credit": "Made with Blockbench",
  "parent": "minecraft:item/generated",
  "textures": {
    "layer0": "item/guns/khr5"
  },
  "display": {
    "thirdperson_righthand": {
      "rotation": [0, -90, 45],
      "translation": [0, 1.25, -3.25],
      "scale": [0.75, 0.75, 0.75]
    },
    "thirdperson_lefthand": {
      "rotation": [0, 90, -45],
      "translation": [0, 1.25, -3.25],
      "scale": [0.75, 0.75, 0.75]
    },
    "firstperson_righthand": {
      "rotation": [0, -90, 45],
      "translation": [0.25, 3, -2.5]
    },
    "firstperson_lefthand": {
      "rotation": [0, 90, -45],
      "translation": [0.25, 3, -2.5]
    },
    "ground": {
      "translation": [0, 2.25, 0],
      "scale": [0.75, 0.75, 0.75]
    },
    "fixed": {
      "rotation": [0, -180, 0]
    }
  }
}
