{
  "credit": "Made with Blockbench",
  "texture_size": [64, 64],
  "textures": {
    "0": "block/crueltycraft/flowerchute",
    "particle": "block/crueltycraft/flowerchute"
  },
  "elements": [
    {
      "name": "outerhead1",
      "from": [7, 6.4, 7.85],
      "to": [9, 10.4, 8.1],
      "rotation": { "angle": 45, "axis": "x", "origin": [8, 8.4, 7.75] },
      "faces": {
        "north": { "uv": [2, 3.25, 2.5, 4.25], "texture": "#0" },
        "east": { "uv": [2, 4.5, 2.25, 5.5], "texture": "#0" },
        "south": { "uv": [3.75, 0, 4.25, 1], "texture": "#0" },
        "west": { "uv": [4.5, 3.25, 4.75, 4.25], "texture": "#0" },
        "up": { "uv": [2.5, 7.5, 2, 7.25], "texture": "#0" },
        "down": { "uv": [8, 3.75, 7.5, 4], "texture": "#0" }
      }
    },
    {
      "name": "outerhead2",
      "from": [6, 7.25, 7.6],
      "to": [10, 9.5, 7.85],
      "rotation": { "angle": 45, "axis": "x", "origin": [8, 8.4, 7.75] },
      "faces": {
        "north": { "uv": [3.75, 1.25, 4.75, 1.75], "texture": "#0" },
        "east": { "uv": [5.5, 7.25, 5.75, 7.75], "texture": "#0" },
        "south": { "uv": [4, 2, 5, 2.5], "texture": "#0" },
        "west": { "uv": [7, 7.5, 7.25, 8], "texture": "#0" },
        "up": { "uv": [5.5, 4.75, 4.5, 4.5], "texture": "#0" },
        "down": { "uv": [1.5, 4.75, 0.5, 5], "texture": "#0" }
      }
    },
    {
      "name": "innerhead3",
      "from": [6.65, 7, 7.5],
      "to": [9.4, 9.75, 7.8],
      "rotation": { "angle": 45, "axis": "x", "origin": [8, 8.4, 7.75] },
      "faces": {
        "north": { "uv": [2.75, 0, 3.5, 0.75], "texture": "#0" },
        "east": { "uv": [6, 7, 6.25, 7.75], "texture": "#0" },
        "south": { "uv": [2.75, 1, 3.5, 1.75], "texture": "#0" },
        "west": { "uv": [6.5, 7, 6.75, 7.75], "texture": "#0" },
        "up": { "uv": [7.75, 3.5, 7, 3.25], "texture": "#0" },
        "down": { "uv": [7.75, 4.25, 7, 4.5], "texture": "#0" }
      }
    },
    {
      "name": "petal01",
      "from": [8.1, 9.5, 9],
      "to": [9.1, 11.5, 9.25],
      "rotation": { "angle": 0, "axis": "y", "origin": [8, 8, 8] },
      "faces": {
        "north": { "uv": [7.5, 7.5, 7.75, 8], "texture": "#0" },
        "east": { "uv": [0, 7.75, 0.25, 8.25], "texture": "#0" },
        "south": { "uv": [0.5, 7.75, 0.75, 8.25], "texture": "#0" },
        "west": { "uv": [2, 7.75, 2.25, 8.25], "texture": "#0" },
        "up": { "uv": [9.25, 9.25, 9, 9], "texture": "#0" },
        "down": { "uv": [1, 9.25, 0.75, 9.5], "texture": "#0" }
      }
    },
    {
      "name": "petal02",
      "from": [6.9, 9.5, 9],
      "to": [7.9, 11.5, 9.25],
      "rotation": { "angle": 0, "axis": "y", "origin": [8, 8, 8] },
      "faces": {
        "north": { "uv": [7.75, 2, 8, 2.5], "texture": "#0" },
        "east": { "uv": [2.5, 7.75, 2.75, 8.25], "texture": "#0" },
        "south": { "uv": [3, 7.75, 3.25, 8.25], "texture": "#0" },
        "west": { "uv": [3.5, 7.75, 3.75, 8.25], "texture": "#0" },
        "up": { "uv": [1.5, 9.5, 1.25, 9.25], "texture": "#0" },
        "down": { "uv": [2, 9.25, 1.75, 9.5], "texture": "#0" }
      }
    },
    {
      "name": "petal3a",
      "from": [6, 9, 7.5],
      "to": [7, 9.5, 7.75],
      "rotation": { "angle": 45, "axis": "x", "origin": [8, 8, 8] },
      "faces": {
        "north": { "uv": [9.25, 4.75, 9.5, 5], "texture": "#0" },
        "east": { "uv": [5.75, 9.25, 6, 9.5], "texture": "#0" },
        "south": { "uv": [6.25, 9.25, 6.5, 9.5], "texture": "#0" },
        "west": { "uv": [9.25, 6.5, 9.5, 6.75], "texture": "#0" },
        "up": { "uv": [7, 9.5, 6.75, 9.25], "texture": "#0" },
        "down": { "uv": [9.5, 7, 9.25, 7.25], "texture": "#0" }
      }
    },
    {
      "name": "petal3a",
      "from": [6.5, 9.5, 7.5],
      "to": [7, 10, 7.75],
      "rotation": { "angle": 45, "axis": "x", "origin": [8, 8, 8] },
      "faces": {
        "north": { "uv": [9.25, 4.75, 9.5, 5], "texture": "#0" },
        "east": { "uv": [5.75, 9.25, 6, 9.5], "texture": "#0" },
        "south": { "uv": [6.25, 9.25, 6.5, 9.5], "texture": "#0" },
        "west": { "uv": [9.25, 6.5, 9.5, 6.75], "texture": "#0" },
        "up": { "uv": [7, 9.5, 6.75, 9.25], "texture": "#0" },
        "down": { "uv": [9.5, 7, 9.25, 7.25], "texture": "#0" }
      }
    },
    {
      "name": "petal3b",
      "from": [5.5, 9.5, 7.5],
      "to": [6.5, 10, 7.75],
      "rotation": { "angle": 45, "axis": "x", "origin": [8, 8, 8] },
      "faces": {
        "north": { "uv": [7.25, 9.25, 7.5, 9.5], "texture": "#0" },
        "east": { "uv": [9.25, 7.5, 9.5, 7.75], "texture": "#0" },
        "south": { "uv": [7.75, 9.25, 8, 9.5], "texture": "#0" },
        "west": { "uv": [9.25, 8, 9.5, 8.25], "texture": "#0" },
        "up": { "uv": [9.5, 8.75, 9.25, 8.5], "texture": "#0" },
        "down": { "uv": [0.25, 9.5, 0, 9.75], "texture": "#0" }
      }
    },
    {
      "name": "petal3b",
      "from": [6, 10, 7.5],
      "to": [6.5, 10.5, 7.75],
      "rotation": { "angle": 45, "axis": "x", "origin": [8, 8, 8] },
      "faces": {
        "north": { "uv": [7.25, 9.25, 7.5, 9.5], "texture": "#0" },
        "east": { "uv": [9.25, 7.5, 9.5, 7.75], "texture": "#0" },
        "south": { "uv": [7.75, 9.25, 8, 9.5], "texture": "#0" },
        "west": { "uv": [9.25, 8, 9.5, 8.25], "texture": "#0" },
        "up": { "uv": [9.5, 8.75, 9.25, 8.5], "texture": "#0" },
        "down": { "uv": [0.25, 9.5, 0, 9.75], "texture": "#0" }
      }
    },
    {
      "name": "petal3c",
      "from": [5, 10, 7.5],
      "to": [6, 11, 7.75],
      "rotation": { "angle": 45, "axis": "x", "origin": [8, 8, 8] },
      "faces": {
        "north": { "uv": [9.5, 0, 9.75, 0.25], "texture": "#0" },
        "east": { "uv": [2.25, 9.5, 2.5, 9.75], "texture": "#0" },
        "south": { "uv": [9.5, 2.5, 9.75, 2.75], "texture": "#0" },
        "west": { "uv": [2.75, 9.5, 3, 9.75], "texture": "#0" },
        "up": { "uv": [9.75, 3.25, 9.5, 3], "texture": "#0" },
        "down": { "uv": [3.5, 9.5, 3.25, 9.75], "texture": "#0" }
      }
    },
    {
      "name": "petal04",
      "from": [4.5, 8.2, 7.5],
      "to": [6.5, 9.2, 7.75],
      "rotation": { "angle": 45, "axis": "x", "origin": [8, 8, 8] },
      "faces": {
        "north": { "uv": [7.75, 1, 8.25, 1.25], "texture": "#0" },
        "east": { "uv": [3.75, 9.5, 4, 9.75], "texture": "#0" },
        "south": { "uv": [4, 7.75, 4.5, 8], "texture": "#0" },
        "west": { "uv": [9.5, 4, 9.75, 4.25], "texture": "#0" },
        "up": { "uv": [5.25, 8, 4.75, 7.75], "texture": "#0" },
        "down": { "uv": [8.25, 4.75, 7.75, 5], "texture": "#0" }
      }
    },
    {
      "name": "petal05",
      "from": [4.5, 7, 7.5],
      "to": [6.5, 8, 7.75],
      "rotation": { "angle": 45, "axis": "x", "origin": [8, 8, 8] },
      "faces": {
        "north": { "uv": [1, 8, 1.5, 8.25], "texture": "#0" },
        "east": { "uv": [4.25, 9.5, 4.5, 9.75], "texture": "#0" },
        "south": { "uv": [8, 3.25, 8.5, 3.5], "texture": "#0" },
        "west": { "uv": [4.75, 9.5, 5, 9.75], "texture": "#0" },
        "up": { "uv": [8.5, 4.5, 8, 4.25], "texture": "#0" },
        "down": { "uv": [6, 8, 5.5, 8.25], "texture": "#0" }
      }
    },
    {
      "name": "petal6a",
      "from": [6.5, 6, 7.5],
      "to": [7, 7, 7.75],
      "rotation": { "angle": 45, "axis": "x", "origin": [8, 8, 8] },
      "faces": {
        "north": { "uv": [5.25, 9.5, 5.5, 9.75], "texture": "#0" },
        "east": { "uv": [9.5, 5.75, 9.75, 6], "texture": "#0" },
        "south": { "uv": [9, 9.5, 9.25, 9.75], "texture": "#0" },
        "west": { "uv": [9.5, 9, 9.75, 9.25], "texture": "#0" },
        "up": { "uv": [9.75, 9.75, 9.5, 9.5], "texture": "#0" },
        "down": { "uv": [0.75, 9.75, 0.5, 10], "texture": "#0" }
      }
    },
    {
      "name": "petal6a",
      "from": [6, 6.5, 7.5],
      "to": [6.5, 7, 7.75],
      "rotation": { "angle": 45, "axis": "x", "origin": [8, 8, 8] },
      "faces": {
        "north": { "uv": [5.25, 9.5, 5.5, 9.75], "texture": "#0" },
        "east": { "uv": [9.5, 5.75, 9.75, 6], "texture": "#0" },
        "south": { "uv": [9, 9.5, 9.25, 9.75], "texture": "#0" },
        "west": { "uv": [9.5, 9, 9.75, 9.25], "texture": "#0" },
        "up": { "uv": [9.75, 9.75, 9.5, 9.5], "texture": "#0" },
        "down": { "uv": [0.75, 9.75, 0.5, 10], "texture": "#0" }
      }
    },
    {
      "name": "petal6b",
      "from": [5.5, 6, 7.5],
      "to": [6.5, 6.5, 7.75],
      "rotation": { "angle": 45, "axis": "x", "origin": [8, 8, 8] },
      "faces": {
        "north": { "uv": [9.75, 0.5, 10, 0.75], "texture": "#0" },
        "east": { "uv": [1, 9.75, 1.25, 10], "texture": "#0" },
        "south": { "uv": [9.75, 1, 10, 1.25], "texture": "#0" },
        "west": { "uv": [1.5, 9.75, 1.75, 10], "texture": "#0" },
        "up": { "uv": [10, 1.75, 9.75, 1.5], "texture": "#0" },
        "down": { "uv": [10, 2, 9.75, 2.25], "texture": "#0" }
      }
    },
    {
      "name": "petal6b",
      "from": [6, 5.5, 7.5],
      "to": [6.5, 6, 7.75],
      "rotation": { "angle": 45, "axis": "x", "origin": [8, 8, 8] },
      "faces": {
        "north": { "uv": [9.75, 0.5, 10, 0.75], "texture": "#0" },
        "east": { "uv": [1, 9.75, 1.25, 10], "texture": "#0" },
        "south": { "uv": [9.75, 1, 10, 1.25], "texture": "#0" },
        "west": { "uv": [1.5, 9.75, 1.75, 10], "texture": "#0" },
        "up": { "uv": [10, 1.75, 9.75, 1.5], "texture": "#0" },
        "down": { "uv": [10, 2, 9.75, 2.25], "texture": "#0" }
      }
    },
    {
      "name": "petal6c",
      "from": [5, 5, 7.5],
      "to": [6, 6, 7.75],
      "rotation": { "angle": 45, "axis": "x", "origin": [8, 8, 8] },
      "faces": {
        "north": { "uv": [9.75, 3.5, 10, 3.75], "texture": "#0" },
        "east": { "uv": [9.75, 4.5, 10, 4.75], "texture": "#0" },
        "south": { "uv": [9.75, 5, 10, 5.25], "texture": "#0" },
        "west": { "uv": [5.75, 9.75, 6, 10], "texture": "#0" },
        "up": { "uv": [6.5, 10, 6.25, 9.75], "texture": "#0" },
        "down": { "uv": [10, 6.25, 9.75, 6.5], "texture": "#0" }
      }
    },
    {
      "name": "petal07",
      "from": [6.9, 7, 4.5],
      "to": [7.9, 7.25, 6.5],
      "rotation": { "angle": 0, "axis": "y", "origin": [8, 8, 8] },
      "faces": {
        "north": { "uv": [6.75, 9.75, 7, 10], "texture": "#0" },
        "east": { "uv": [6.25, 8, 6.75, 8.25], "texture": "#0" },
        "south": { "uv": [9.75, 6.75, 10, 7], "texture": "#0" },
        "west": { "uv": [8, 7, 8.5, 7.25], "texture": "#0" },
        "up": { "uv": [8.25, 8, 8, 7.5], "texture": "#0" },
        "down": { "uv": [8.5, 0, 8.25, 0.5], "texture": "#0" }
      }
    },
    {
      "name": "petal08",
      "from": [8.1, 7, 4.5],
      "to": [9.1, 7.25, 6.5],
      "rotation": { "angle": 0, "axis": "y", "origin": [8, 8, 8] },
      "faces": {
        "north": { "uv": [7.25, 9.75, 7.5, 10], "texture": "#0" },
        "east": { "uv": [8.25, 1.5, 8.75, 1.75], "texture": "#0" },
        "south": { "uv": [9.75, 7.25, 10, 7.5], "texture": "#0" },
        "west": { "uv": [8.25, 2, 8.75, 2.25], "texture": "#0" },
        "up": { "uv": [8.5, 3, 8.25, 2.5], "texture": "#0" },
        "down": { "uv": [4.25, 8.25, 4, 8.75], "texture": "#0" }
      }
    },
    {
      "name": "petal9a",
      "from": [9, 6, 7.5],
      "to": [9.5, 7, 7.75],
      "rotation": { "angle": 45, "axis": "x", "origin": [8, 8, 8] },
      "faces": {
        "north": { "uv": [7.75, 9.75, 8, 10], "texture": "#0" },
        "east": { "uv": [9.75, 7.75, 10, 8], "texture": "#0" },
        "south": { "uv": [8.25, 9.75, 8.5, 10], "texture": "#0" },
        "west": { "uv": [9.75, 8.25, 10, 8.5], "texture": "#0" },
        "up": { "uv": [0.25, 10.25, 0, 10], "texture": "#0" },
        "down": { "uv": [10.25, 0, 10, 0.25], "texture": "#0" }
      }
    },
    {
      "name": "petal9a",
      "from": [9.5, 6.5, 7.5],
      "to": [10, 7, 7.75],
      "rotation": { "angle": 45, "axis": "x", "origin": [8, 8, 8] },
      "faces": {
        "north": { "uv": [7.75, 9.75, 8, 10], "texture": "#0" },
        "east": { "uv": [9.75, 7.75, 10, 8], "texture": "#0" },
        "south": { "uv": [8.25, 9.75, 8.5, 10], "texture": "#0" },
        "west": { "uv": [9.75, 8.25, 10, 8.5], "texture": "#0" },
        "up": { "uv": [0.25, 10.25, 0, 10], "texture": "#0" },
        "down": { "uv": [10.25, 0, 10, 0.25], "texture": "#0" }
      }
    },
    {
      "name": "petal9b",
      "from": [9.5, 6, 7.5],
      "to": [10.5, 6.5, 7.75],
      "rotation": { "angle": 45, "axis": "x", "origin": [8, 8, 8] },
      "faces": {
        "north": { "uv": [2, 10, 2.25, 10.25], "texture": "#0" },
        "east": { "uv": [2.5, 10, 2.75, 10.25], "texture": "#0" },
        "south": { "uv": [10, 2.5, 10.25, 2.75], "texture": "#0" },
        "west": { "uv": [3, 10, 3.25, 10.25], "texture": "#0" },
        "up": { "uv": [10.25, 3.25, 10, 3], "texture": "#0" },
        "down": { "uv": [3.75, 10, 3.5, 10.25], "texture": "#0" }
      }
    },
    {
      "name": "petal9b",
      "from": [9.5, 5.5, 7.5],
      "to": [10, 6, 7.75],
      "rotation": { "angle": 45, "axis": "x", "origin": [8, 8, 8] },
      "faces": {
        "north": { "uv": [2, 10, 2.25, 10.25], "texture": "#0" },
        "east": { "uv": [2.5, 10, 2.75, 10.25], "texture": "#0" },
        "south": { "uv": [10, 2.5, 10.25, 2.75], "texture": "#0" },
        "west": { "uv": [3, 10, 3.25, 10.25], "texture": "#0" },
        "up": { "uv": [10.25, 3.25, 10, 3], "texture": "#0" },
        "down": { "uv": [3.75, 10, 3.5, 10.25], "texture": "#0" }
      }
    },
    {
      "name": "petal9c",
      "from": [10, 5, 7.5],
      "to": [11, 6, 7.75],
      "rotation": { "angle": 45, "axis": "x", "origin": [8, 8, 8] },
      "faces": {
        "north": { "uv": [4, 10, 4.25, 10.25], "texture": "#0" },
        "east": { "uv": [10, 4, 10.25, 4.25], "texture": "#0" },
        "south": { "uv": [4.5, 10, 4.75, 10.25], "texture": "#0" },
        "west": { "uv": [5, 10, 5.25, 10.25], "texture": "#0" },
        "up": { "uv": [10.25, 5.75, 10, 5.5], "texture": "#0" },
        "down": { "uv": [9, 10, 8.75, 10.25], "texture": "#0" }
      }
    },
    {
      "name": "petal10",
      "from": [9.5, 7, 7.5],
      "to": [11.5, 8, 7.75],
      "rotation": { "angle": 45, "axis": "x", "origin": [8, 8, 8] },
      "faces": {
        "north": { "uv": [8.25, 3.75, 8.75, 4], "texture": "#0" },
        "east": { "uv": [10, 8.75, 10.25, 9], "texture": "#0" },
        "south": { "uv": [4.5, 8.25, 5, 8.5], "texture": "#0" },
        "west": { "uv": [9.25, 10, 9.5, 10.25], "texture": "#0" },
        "up": { "uv": [8.75, 5.5, 8.25, 5.25], "texture": "#0" },
        "down": { "uv": [8.75, 5.75, 8.25, 6], "texture": "#0" }
      }
    },
    {
      "name": "petal11",
      "from": [9.5, 8.2, 7.5],
      "to": [11.5, 9.2, 7.75],
      "rotation": { "angle": 45, "axis": "x", "origin": [8, 8, 8] },
      "faces": {
        "north": { "uv": [8.25, 6.25, 8.75, 6.5], "texture": "#0" },
        "east": { "uv": [10, 9.25, 10.25, 9.5], "texture": "#0" },
        "south": { "uv": [7, 8.25, 7.5, 8.5], "texture": "#0" },
        "west": { "uv": [9.75, 10, 10, 10.25], "texture": "#0" },
        "up": { "uv": [8.25, 8.5, 7.75, 8.25], "texture": "#0" },
        "down": { "uv": [0.5, 8.5, 0, 8.75], "texture": "#0" }
      }
    },
    {
      "name": "petal12a",
      "from": [9, 9, 7.5],
      "to": [10, 9.5, 7.75],
      "rotation": { "angle": 45, "axis": "x", "origin": [8, 8, 8] },
      "faces": {
        "north": { "uv": [0.5, 10.25, 0.75, 10.5], "texture": "#0" },
        "east": { "uv": [10.25, 0.5, 10.5, 0.75], "texture": "#0" },
        "south": { "uv": [1, 10.25, 1.25, 10.5], "texture": "#0" },
        "west": { "uv": [10.25, 1, 10.5, 1.25], "texture": "#0" },
        "up": { "uv": [1.75, 10.5, 1.5, 10.25], "texture": "#0" },
        "down": { "uv": [10.5, 1.5, 10.25, 1.75], "texture": "#0" }
      }
    },
    {
      "name": "petal12a",
      "from": [9, 9.5, 7.5],
      "to": [9.5, 10, 7.75],
      "rotation": { "angle": 45, "axis": "x", "origin": [8, 8, 8] },
      "faces": {
        "north": { "uv": [0.5, 10.25, 0.75, 10.5], "texture": "#0" },
        "east": { "uv": [10.25, 0.5, 10.5, 0.75], "texture": "#0" },
        "south": { "uv": [1, 10.25, 1.25, 10.5], "texture": "#0" },
        "west": { "uv": [10.25, 1, 10.5, 1.25], "texture": "#0" },
        "up": { "uv": [1.75, 10.5, 1.5, 10.25], "texture": "#0" },
        "down": { "uv": [10.5, 1.5, 10.25, 1.75], "texture": "#0" }
      }
    },
    {
      "name": "petal12b",
      "from": [9.5, 9.5, 7.5],
      "to": [10.5, 10, 7.75],
      "rotation": { "angle": 45, "axis": "x", "origin": [8, 8, 8] },
      "faces": {
        "north": { "uv": [10.25, 2, 10.5, 2.25], "texture": "#0" },
        "east": { "uv": [10.25, 3.5, 10.5, 3.75], "texture": "#0" },
        "south": { "uv": [10.25, 4.5, 10.5, 4.75], "texture": "#0" },
        "west": { "uv": [10.25, 5, 10.5, 5.25], "texture": "#0" },
        "up": { "uv": [5.75, 10.5, 5.5, 10.25], "texture": "#0" },
        "down": { "uv": [6.25, 10.25, 6, 10.5], "texture": "#0" }
      }
    },
    {
      "name": "petal12b",
      "from": [9.5, 10, 7.5],
      "to": [10, 10.5, 7.75],
      "rotation": { "angle": 45, "axis": "x", "origin": [8, 8, 8] },
      "faces": {
        "north": { "uv": [10.25, 2, 10.5, 2.25], "texture": "#0" },
        "east": { "uv": [10.25, 3.5, 10.5, 3.75], "texture": "#0" },
        "south": { "uv": [10.25, 4.5, 10.5, 4.75], "texture": "#0" },
        "west": { "uv": [10.25, 5, 10.5, 5.25], "texture": "#0" },
        "up": { "uv": [5.75, 10.5, 5.5, 10.25], "texture": "#0" },
        "down": { "uv": [6.25, 10.25, 6, 10.5], "texture": "#0" }
      }
    },
    {
      "name": "petal12c",
      "from": [10, 10, 7.5],
      "to": [11, 11, 7.75],
      "rotation": { "angle": 45, "axis": "x", "origin": [8, 8, 8] },
      "faces": {
        "north": { "uv": [10.25, 6, 10.5, 6.25], "texture": "#0" },
        "east": { "uv": [6.5, 10.25, 6.75, 10.5], "texture": "#0" },
        "south": { "uv": [10.25, 6.5, 10.5, 6.75], "texture": "#0" },
        "west": { "uv": [7, 10.25, 7.25, 10.5], "texture": "#0" },
        "up": { "uv": [10.5, 7.25, 10.25, 7], "texture": "#0" },
        "down": { "uv": [7.75, 10.25, 7.5, 10.5], "texture": "#0" }
      }
    },
    {
      "name": "shaftBase1",
      "from": [8.5, 0, 7],
      "to": [9.5, 1.75, 8.75],
      "faces": {
        "north": { "uv": [5, 1, 5.5, 1.5], "texture": "#0" },
        "east": { "uv": [5, 3.25, 5.5, 3.75], "texture": "#0" },
        "south": { "uv": [3.75, 5, 4.25, 5.5], "texture": "#0" },
        "west": { "uv": [4.5, 5, 5, 5.5], "texture": "#0" },
        "up": { "uv": [1, 5.75, 0.5, 5.25], "texture": "#0" },
        "down": { "uv": [1.75, 5.25, 1.25, 5.75], "texture": "#0" }
      }
    },
    {
      "name": "shaftBase2",
      "from": [8, 0.25, 7],
      "to": [8.5, 1.75, 8.5],
      "faces": {
        "north": { "uv": [5, 1, 5.5, 1.5], "texture": "#0" },
        "east": { "uv": [5, 3.25, 5.5, 3.75], "texture": "#0" },
        "south": { "uv": [3.75, 5, 4.25, 5.5], "texture": "#0" },
        "west": { "uv": [4.5, 5, 5, 5.5], "texture": "#0" },
        "up": { "uv": [1, 5.75, 0.5, 5.25], "texture": "#0" },
        "down": { "uv": [1.75, 5.25, 1.25, 5.75], "texture": "#0" }
      }
    },
    {
      "name": "shaftBase2",
      "from": [7.5, 0.15, 7.5],
      "to": [8.5, 1.9, 8.75],
      "faces": {
        "north": { "uv": [0.75, 8.5, 1, 9], "texture": "#0" },
        "east": { "uv": [8.5, 0.75, 8.75, 1.25], "texture": "#0" },
        "south": { "uv": [1.25, 8.5, 1.5, 9], "texture": "#0" },
        "west": { "uv": [1.75, 8.5, 2, 9], "texture": "#0" },
        "up": { "uv": [10.5, 7.75, 10.25, 7.5], "texture": "#0" },
        "down": { "uv": [8.25, 10.25, 8, 10.5], "texture": "#0" }
      }
    },
    {
      "name": "shaftBase3",
      "from": [7.25, 1.15, 6.75],
      "to": [7.75, 1.65, 7.25],
      "rotation": { "angle": 45, "axis": "y", "origin": [7, 1, 7] },
      "faces": {
        "north": { "uv": [10.25, 8, 10.5, 8.25], "texture": "#0" },
        "east": { "uv": [10.25, 9.75, 10.5, 10], "texture": "#0" },
        "south": { "uv": [10.25, 10.25, 10.5, 10.5], "texture": "#0" },
        "west": { "uv": [0, 10.5, 0.25, 10.75], "texture": "#0" },
        "up": { "uv": [10.75, 0.25, 10.5, 0], "texture": "#0" },
        "down": { "uv": [2.25, 10.5, 2, 10.75], "texture": "#0" }
      }
    },
    {
      "name": "shaft1",
      "from": [7.85, 0, 7.775],
      "to": [8.15, 8.25, 8.125],
      "faces": {
        "north": { "uv": [2.75, 4, 3, 6], "texture": "#0" },
        "east": { "uv": [4, 2.75, 4.25, 4.75], "texture": "#0" },
        "south": { "uv": [3.25, 4, 3.5, 6], "texture": "#0" },
        "west": { "uv": [0, 4.25, 0.25, 6.25], "texture": "#0" },
        "up": { "uv": [2.75, 10.75, 2.5, 10.5], "texture": "#0" },
        "down": { "uv": [10.75, 2.5, 10.5, 2.75], "texture": "#0" }
      }
    },
    {
      "name": "shafttop",
      "from": [7.75, 8, 7.75],
      "to": [8.25, 8.5, 8.25],
      "faces": {
        "north": { "uv": [3, 10.5, 3.25, 10.75], "texture": "#0" },
        "east": { "uv": [10.5, 3, 10.75, 3.25], "texture": "#0" },
        "south": { "uv": [3.5, 10.5, 3.75, 10.75], "texture": "#0" },
        "west": { "uv": [4, 10.5, 4.25, 10.75], "texture": "#0" },
        "up": { "uv": [10.75, 4.25, 10.5, 4], "texture": "#0" },
        "down": { "uv": [4.75, 10.5, 4.5, 10.75], "texture": "#0" }
      }
    },
    {
      "name": "leaf1a",
      "from": [4, 4.75, 7.1679],
      "to": [7.85, 5, 7.8429],
      "rotation": {
        "angle": -45,
        "axis": "x",
        "origin": [5.9, 5.06374, 7.7301]
      },
      "faces": {
        "north": { "uv": [5, 4, 6, 4.25], "texture": "#0" },
        "east": { "uv": [5, 10.5, 5.25, 10.75], "texture": "#0" },
        "south": { "uv": [5.25, 1.75, 6.25, 2], "texture": "#0" },
        "west": { "uv": [10.5, 5.5, 10.75, 5.75], "texture": "#0" },
        "up": { "uv": [6.25, 2.5, 5.25, 2.25], "texture": "#0" },
        "down": { "uv": [6.25, 5, 5.25, 5.25], "texture": "#0" }
      }
    },
    {
      "name": "leaf1b",
      "from": [4.85, 4.86872, 6.11872],
      "to": [6.85, 5.11872, 7.11872],
      "rotation": {
        "angle": -45,
        "axis": "x",
        "origin": [7, 5.18246, 7.84883]
      },
      "faces": {
        "north": { "uv": [2.25, 8.5, 2.75, 8.75], "texture": "#0" },
        "east": { "uv": [3, 8.5, 3.5, 8.75], "texture": "#0" },
        "south": { "uv": [8.5, 4.75, 9, 5], "texture": "#0" },
        "west": { "uv": [5.25, 8.5, 5.75, 8.75], "texture": "#0" },
        "up": { "uv": [5.75, 6, 5.25, 5.5], "texture": "#0" },
        "down": { "uv": [6.25, 1, 5.75, 1.5], "texture": "#0" }
      }
    },
    {
      "name": "leaf1c",
      "from": [4, 4.96527, 7.96418],
      "to": [7.85, 5.61527, 8.21418],
      "rotation": { "angle": 0, "axis": "y", "origin": [5.9, 5.06374, 7.7301] },
      "faces": {
        "north": { "uv": [5.75, 3.25, 6.75, 3.5], "texture": "#0" },
        "east": { "uv": [8.5, 10.5, 8.75, 10.75], "texture": "#0" },
        "south": { "uv": [3.75, 5.75, 4.75, 6], "texture": "#0" },
        "west": { "uv": [10.5, 8.5, 10.75, 8.75], "texture": "#0" },
        "up": { "uv": [6.75, 4.75, 5.75, 4.5], "texture": "#0" },
        "down": { "uv": [7, 0, 6, 0.25], "texture": "#0" }
      }
    },
    {
      "name": "leaf1d",
      "from": [5, 5.61527, 7.96418],
      "to": [7, 6.61527, 8.21418],
      "rotation": {
        "angle": 0,
        "axis": "y",
        "origin": [5.15, 4.96374, 7.7301]
      },
      "faces": {
        "north": { "uv": [2, 5.75, 2.5, 6.25], "texture": "#0" },
        "east": { "uv": [6, 8.5, 6.25, 9], "texture": "#0" },
        "south": { "uv": [0.5, 6, 1, 6.5], "texture": "#0" },
        "west": { "uv": [6.5, 8.5, 6.75, 9], "texture": "#0" },
        "up": { "uv": [9, 7.75, 8.5, 7.5], "texture": "#0" },
        "down": { "uv": [9, 8, 8.5, 8.25], "texture": "#0" }
      }
    },
    {
      "name": "leaf2a",
      "from": [8.1, 5.75, 7.25],
      "to": [11.95, 6, 7.925],
      "rotation": { "angle": -45, "axis": "x", "origin": [10, 6, 7.75] },
      "faces": {
        "north": { "uv": [6, 0.5, 7, 0.75], "texture": "#0" },
        "east": { "uv": [9, 10.5, 9.25, 10.75], "texture": "#0" },
        "south": { "uv": [6, 2.75, 7, 3], "texture": "#0" },
        "west": { "uv": [10.5, 9, 10.75, 9.25], "texture": "#0" },
        "up": { "uv": [7, 5.75, 6, 5.5], "texture": "#0" },
        "down": { "uv": [7, 6, 6, 6.25], "texture": "#0" }
      }
    },
    {
      "name": "leaf2b",
      "from": [9, 5.75, 6.25],
      "to": [11, 6, 7.25],
      "rotation": { "angle": -45, "axis": "x", "origin": [10, 6, 7.75] },
      "faces": {
        "north": { "uv": [8.5, 8.5, 9, 8.75], "texture": "#0" },
        "east": { "uv": [8.75, 0, 9.25, 0.25], "texture": "#0" },
        "south": { "uv": [8.75, 2.5, 9.25, 2.75], "texture": "#0" },
        "west": { "uv": [8.75, 3, 9.25, 3.25], "texture": "#0" },
        "up": { "uv": [1.75, 6.5, 1.25, 6], "texture": "#0" },
        "down": { "uv": [3.25, 6.25, 2.75, 6.75], "texture": "#0" }
      }
    },
    {
      "name": "leaf2c",
      "from": [8.1, 6, 8],
      "to": [11.95, 6.65, 8.25],
      "rotation": { "angle": 0, "axis": "y", "origin": [9.9, 6.06374, 7.7301] },
      "faces": {
        "north": { "uv": [3.5, 6.25, 4.5, 6.5], "texture": "#0" },
        "east": { "uv": [9.5, 10.5, 9.75, 10.75], "texture": "#0" },
        "south": { "uv": [6.25, 3.75, 7.25, 4], "texture": "#0" },
        "west": { "uv": [0.5, 10.75, 0.75, 11], "texture": "#0" },
        "up": { "uv": [5.75, 6.5, 4.75, 6.25], "texture": "#0" },
        "down": { "uv": [7.5, 1, 6.5, 1.25], "texture": "#0" }
      }
    },
    {
      "name": "leaf2d",
      "from": [8.95, 6.65, 8],
      "to": [10.95, 7.4, 8.25],
      "rotation": {
        "angle": 0,
        "axis": "y",
        "origin": [10.85, 5.96374, 7.7301]
      },
      "faces": {
        "north": { "uv": [6.5, 1.5, 7, 2], "texture": "#0" },
        "east": { "uv": [4.5, 8.75, 4.75, 9.25], "texture": "#0" },
        "south": { "uv": [2, 6.5, 2.5, 7], "texture": "#0" },
        "west": { "uv": [8.75, 6.75, 9, 7.25], "texture": "#0" },
        "up": { "uv": [9.25, 4.5, 8.75, 4.25], "texture": "#0" },
        "down": { "uv": [7.5, 8.75, 7, 9], "texture": "#0" }
      }
    },
    {
      "name": "base1",
      "from": [6.75, 0, 5.5],
      "to": [10.25, 1, 9.5],
      "rotation": { "angle": 0, "axis": "y", "origin": [8.5, 0.5, 7.5] },
      "faces": {
        "north": { "uv": [6.5, 2.25, 7.5, 2.5], "texture": "#0" },
        "east": { "uv": [6.5, 5, 7.5, 5.25], "texture": "#0" },
        "south": { "uv": [6, 6.5, 7, 6.75], "texture": "#0" },
        "west": { "uv": [0, 6.75, 1, 7], "texture": "#0" },
        "up": { "uv": [2.5, 1, 1.5, 0], "texture": "#0" },
        "down": { "uv": [2.5, 1.25, 1.5, 2.25], "texture": "#0" }
      }
    },
    {
      "name": "base2",
      "from": [6, 0, 6.5],
      "to": [6.75, 1, 8.5],
      "rotation": { "angle": 0, "axis": "y", "origin": [8.5, 0.5, 7.5] },
      "faces": {
        "north": { "uv": [0.5, 4.25, 1.75, 4.5], "texture": "#0" },
        "east": { "uv": [7.75, 8.75, 8.25, 9], "texture": "#0" },
        "south": { "uv": [4.5, 0, 5.75, 0.25], "texture": "#0" },
        "west": { "uv": [0, 9, 0.5, 9.25], "texture": "#0" },
        "up": { "uv": [1.25, 3, 0, 2.5], "texture": "#0" },
        "down": { "uv": [2.75, 2.5, 1.5, 3], "texture": "#0" }
      }
    },
    {
      "name": "base3",
      "from": [10.25, 0, 6.5],
      "to": [11, 1, 8.5],
      "rotation": { "angle": 0, "axis": "y", "origin": [8.5, 0.5, 7.5] },
      "faces": {
        "north": { "uv": [0.5, 4.25, 1.75, 4.5], "texture": "#0" },
        "east": { "uv": [7.75, 8.75, 8.25, 9], "texture": "#0" },
        "south": { "uv": [4.5, 0, 5.75, 0.25], "texture": "#0" },
        "west": { "uv": [0, 9, 0.5, 9.25], "texture": "#0" },
        "up": { "uv": [1.25, 3, 0, 2.5], "texture": "#0" },
        "down": { "uv": [2.75, 2.5, 1.5, 3], "texture": "#0" }
      }
    },
    {
      "name": "base3",
      "from": [6.25, 0, 5.75],
      "to": [10.75, 0.75, 9.25],
      "rotation": { "angle": 0, "axis": "y", "origin": [8.5, 0.375, 7.5] },
      "faces": {
        "north": { "uv": [4.5, 0.5, 5.75, 0.75], "texture": "#0" },
        "east": { "uv": [3.5, 6.75, 4.5, 7], "texture": "#0" },
        "south": { "uv": [4.5, 2.75, 5.75, 3], "texture": "#0" },
        "west": { "uv": [4.75, 6.75, 5.75, 7], "texture": "#0" },
        "up": { "uv": [1.25, 1, 0, 0], "texture": "#0" },
        "down": { "uv": [1.25, 1.25, 0, 2.25], "texture": "#0" }
      }
    },
    {
      "name": "base4",
      "from": [6.9, 0, 5.9],
      "to": [10.15, 1.25, 9.15],
      "rotation": { "angle": 0, "axis": "y", "origin": [8.525, 0.625, 7.525] },
      "faces": {
        "north": { "uv": [7, 7, 7.75, 7.25], "texture": "#0" },
        "east": { "uv": [0, 7.25, 0.75, 7.5], "texture": "#0" },
        "south": { "uv": [7.25, 0, 8, 0.25], "texture": "#0" },
        "west": { "uv": [7.25, 0.5, 8, 0.75], "texture": "#0" },
        "up": { "uv": [3.75, 2.75, 3, 2], "texture": "#0" },
        "down": { "uv": [3.75, 3, 3, 3.75], "texture": "#0" }
      }
    },
    {
      "name": "base5",
      "from": [5.75, 0, 7.5],
      "to": [8.25, 0.5, 10],
      "rotation": {
        "angle": -22.5,
        "axis": "y",
        "origin": [6.4423, 0.2375, 7.67257]
      },
      "faces": {
        "north": { "uv": [7.25, 1.5, 8, 1.75], "texture": "#0" },
        "east": { "uv": [7.25, 2.75, 8, 3], "texture": "#0" },
        "south": { "uv": [3.5, 7.25, 4.25, 7.5], "texture": "#0" },
        "west": { "uv": [4.5, 7.25, 5.25, 7.5], "texture": "#0" },
        "up": { "uv": [0.75, 4, 0, 3.25], "texture": "#0" },
        "down": { "uv": [1.75, 3.25, 1, 4], "texture": "#0" }
      }
    },
    {
      "name": "base6",
      "from": [6, 0, 7.5],
      "to": [8, 0.775, 9.75],
      "rotation": {
        "angle": -22.5,
        "axis": "y",
        "origin": [6.4423, 0.2375, 7.67257]
      },
      "faces": {
        "north": { "uv": [9, 0.5, 9.5, 0.75], "texture": "#0" },
        "east": { "uv": [9, 1, 9.5, 1.25], "texture": "#0" },
        "south": { "uv": [9, 1.5, 9.5, 1.75], "texture": "#0" },
        "west": { "uv": [9, 2, 9.5, 2.25], "texture": "#0" },
        "up": { "uv": [1.75, 7.25, 1.25, 6.75], "texture": "#0" },
        "down": { "uv": [3.25, 7, 2.75, 7.5], "texture": "#0" }
      }
    },
    {
      "name": "root1a",
      "from": [4.23995, 0, 8.15964],
      "to": [6.23995, 0.3, 8.65964],
      "rotation": {
        "angle": -22.5,
        "axis": "y",
        "origin": [6.4423, 0.2375, 7.67257]
      },
      "faces": {
        "north": { "uv": [2.25, 9, 2.75, 9.25], "texture": "#0" },
        "east": { "uv": [10.75, 0.5, 11, 0.75], "texture": "#0" },
        "south": { "uv": [3, 9, 3.5, 9.25], "texture": "#0" },
        "west": { "uv": [1, 10.75, 1.25, 11], "texture": "#0" },
        "up": { "uv": [9.5, 3.75, 9, 3.5], "texture": "#0" },
        "down": { "uv": [4.25, 9, 3.75, 9.25], "texture": "#0" }
      }
    },
    {
      "name": "root1b",
      "from": [4, 0, 8.25],
      "to": [4.5, 0.25, 8.5],
      "rotation": {
        "angle": -22.5,
        "axis": "y",
        "origin": [6.4423, 0.2375, 7.67257]
      },
      "faces": {
        "north": { "uv": [10.75, 1, 11, 1.25], "texture": "#0" },
        "east": { "uv": [1.5, 10.75, 1.75, 11], "texture": "#0" },
        "south": { "uv": [10.75, 1.5, 11, 1.75], "texture": "#0" },
        "west": { "uv": [10.75, 2, 11, 2.25], "texture": "#0" },
        "up": { "uv": [11, 3.75, 10.75, 3.5], "texture": "#0" },
        "down": { "uv": [11, 4.5, 10.75, 4.75], "texture": "#0" }
      }
    },
    {
      "name": "root21",
      "from": [6.8647, 0, 3.63797],
      "to": [7.3647, 0.5, 5.63797],
      "rotation": { "angle": -22.5, "axis": "y", "origin": [6.5, 0, 7.5] },
      "faces": {
        "north": { "uv": [10.75, 5, 11, 5.25], "texture": "#0" },
        "east": { "uv": [5, 9, 5.5, 9.25], "texture": "#0" },
        "south": { "uv": [5.5, 10.75, 5.75, 11], "texture": "#0" },
        "west": { "uv": [9, 5.25, 9.5, 5.5], "texture": "#0" },
        "up": { "uv": [9.25, 6.25, 9, 5.75], "texture": "#0" },
        "down": { "uv": [8.75, 9, 8.5, 9.5], "texture": "#0" }
      }
    },
    {
      "name": "root22",
      "from": [8.4, 0, 3.25],
      "to": [8.7, 0.3, 4.25],
      "rotation": { "angle": 0, "axis": "y", "origin": [6.5, 0, 7.5] },
      "faces": {
        "north": { "uv": [6, 10.75, 6.25, 11], "texture": "#0" },
        "east": { "uv": [10.75, 6, 11, 6.25], "texture": "#0" },
        "south": { "uv": [6.5, 10.75, 6.75, 11], "texture": "#0" },
        "west": { "uv": [10.75, 6.5, 11, 6.75], "texture": "#0" },
        "up": { "uv": [7.25, 11, 7, 10.75], "texture": "#0" },
        "down": { "uv": [11, 7, 10.75, 7.25], "texture": "#0" }
      }
    },
    {
      "name": "root23",
      "from": [9.6, 0, 4.5],
      "to": [10.6, 0.15, 4.65],
      "rotation": { "angle": 22.5, "axis": "y", "origin": [6.5, 0, 7.5] },
      "faces": {
        "north": { "uv": [7.5, 10.75, 7.75, 11], "texture": "#0" },
        "east": { "uv": [10.75, 7.5, 11, 7.75], "texture": "#0" },
        "south": { "uv": [8, 10.75, 8.25, 11], "texture": "#0" },
        "west": { "uv": [10.75, 8, 11, 8.25], "texture": "#0" },
        "up": { "uv": [11, 9.75, 10.75, 9.5], "texture": "#0" },
        "down": { "uv": [10.25, 10.75, 10, 11], "texture": "#0" }
      }
    },
    {
      "name": "root31",
      "from": [8.5, 0, 8],
      "to": [11, 0.4, 8.5],
      "rotation": { "angle": -45, "axis": "y", "origin": [6.5, 0, 7.5] },
      "faces": {
        "north": { "uv": [7.25, 5.5, 8, 5.75], "texture": "#0" },
        "east": { "uv": [10.75, 10, 11, 10.25], "texture": "#0" },
        "south": { "uv": [7.25, 6, 8, 6.25], "texture": "#0" },
        "west": { "uv": [10.5, 10.75, 10.75, 11], "texture": "#0" },
        "up": { "uv": [8, 6.75, 7.25, 6.5], "texture": "#0" },
        "down": { "uv": [1.75, 7.5, 1, 7.75], "texture": "#0" }
      }
    },
    {
      "name": "root32",
      "from": [10, 0, 9.75],
      "to": [10.3, 0.3, 10.75],
      "rotation": { "angle": -22.5, "axis": "y", "origin": [6.5, 0, 7.5] },
      "faces": {
        "north": { "uv": [0, 11, 0.25, 11.25], "texture": "#0" },
        "east": { "uv": [11, 0, 11.25, 0.25], "texture": "#0" },
        "south": { "uv": [2, 11, 2.25, 11.25], "texture": "#0" },
        "west": { "uv": [2.5, 11, 2.75, 11.25], "texture": "#0" },
        "up": { "uv": [11.25, 2.75, 11, 2.5], "texture": "#0" },
        "down": { "uv": [3.25, 11, 3, 11.25], "texture": "#0" }
      }
    },
    {
      "name": "root33",
      "from": [7, 0, 12.25],
      "to": [7.15, 0.15, 13.25],
      "rotation": { "angle": 22.5, "axis": "y", "origin": [6.5, 0, 7.5] },
      "faces": {
        "north": { "uv": [11, 3, 11.25, 3.25], "texture": "#0" },
        "east": { "uv": [3.5, 11, 3.75, 11.25], "texture": "#0" },
        "south": { "uv": [4, 11, 4.25, 11.25], "texture": "#0" },
        "west": { "uv": [11, 4, 11.25, 4.25], "texture": "#0" },
        "up": { "uv": [4.75, 11.25, 4.5, 11], "texture": "#0" },
        "down": { "uv": [5.25, 11, 5, 11.25], "texture": "#0" }
      }
    }
  ],
  "display": {
    "thirdperson_righthand": {
      "translation": [0, 1.25, 0]
    },
    "thirdperson_lefthand": {
      "translation": [0, 1.25, 0]
    },
    "firstperson_righthand": {
      "rotation": [0, 134, 0],
      "translation": [0, 4.25, 0]
    },
    "firstperson_lefthand": {
      "rotation": [0, 134, 0],
      "translation": [0, 4.25, 0]
    },
    "ground": {
      "translation": [0, 5.5, 0]
    },
    "gui": {
      "rotation": [45, 145, 0],
      "translation": [0, 2.25, 0]
    },
    "head": {
      "rotation": [0, -18, 0],
      "translation": [-0.25, 20, 0.25],
      "scale": [1.7, 1.7, 1.7]
    },
    "fixed": {
      "rotation": [-90, -17, 0],
      "translation": [0, 0.75, -7]
    }
  },
  "groups": [
    {
      "name": "group",
      "origin": [8, 8, 8],
      "color": 0,
      "children": [
        {
          "name": "flowerHead",
          "origin": [8, 8, 8],
          "color": 0,
          "children": [
            {
              "name": "center",
              "origin": [8, 8.4, 7.775],
              "color": 0,
              "children": [0, 1, 2]
            },
            {
              "name": "petals",
              "origin": [8, 8.4, 7.775],
              "color": 0,
              "children": [
                3,
                4,
                {
                  "name": "petal3",
                  "origin": [8, 8, 8],
                  "color": 0,
                  "children": [5, 6, 7, 8, 9]
                },
                10,
                11,
                {
                  "name": "petal6",
                  "origin": [8, 8, 8],
                  "color": 0,
                  "children": [12, 13, 14, 15, 16]
                },
                17,
                18,
                {
                  "name": "petal9",
                  "origin": [8, 8, 8],
                  "color": 0,
                  "children": [19, 20, 21, 22, 23]
                },
                24,
                25,
                {
                  "name": "petal12",
                  "origin": [8, 8, 8],
                  "color": 0,
                  "children": [26, 27, 28, 29, 30]
                }
              ]
            }
          ]
        },
        {
          "name": "flowerStalk",
          "origin": [8, 8, 8],
          "color": 0,
          "children": [
            31,
            32,
            33,
            34,
            35,
            36,
            {
              "name": "leaf1",
              "origin": [8, 8, 8],
              "color": 0,
              "children": [37, 38, 39, 40]
            },
            {
              "name": "leaf2",
              "origin": [8, 8, 8],
              "color": 0,
              "children": [41, 42, 43, 44]
            }
          ]
        },
        {
          "name": "chuteBase",
          "origin": [8, 8, 8],
          "color": 0,
          "children": [45, 46, 47, 48, 49, 50, 51]
        },
        {
          "name": "roots",
          "origin": [8, 8, 8],
          "color": 0,
          "children": [
            {
              "name": "root1",
              "origin": [0, 0, 0],
              "color": 0,
              "children": [52, 53]
            },
            {
              "name": "root2",
              "origin": [4.5, 0.1875, 8.0125],
              "color": 0,
              "children": [54, 55, 56]
            },
            {
              "name": "root3",
              "origin": [4.5, 0.1875, 8.0125],
              "color": 0,
              "children": [57, 58, 59]
            }
          ]
        }
      ]
    }
  ]
}
