{
  "credit": "Made with Blockbench",
  "textures": {
    "0": "block/crueltycraft/lifeglasses",
    "particle": "block/crueltycraft/lifeglasses"
  },
  "elements": [
    {
      "from": [3.75, 2.5, 3.75],
      "to": [12.25, 4.5, 3.75],
      "faces": {
        "north": { "uv": [0, 0, 8, 2], "texture": "#0" },
        "east": { "uv": [0, 0, 0, 2], "texture": "#0" },
        "south": { "uv": [8, 0, 16, 2], "texture": "#0" },
        "west": { "uv": [8, 0, 8, 2], "texture": "#0" },
        "up": { "uv": [8, 0, 0, 0], "texture": "#0" },
        "down": { "uv": [16, 0, 8, 0], "texture": "#0" }
      }
    },
    {
      "from": [12.25, 3.5, 3.75],
      "to": [12.25, 4.5, 8.75],
      "rotation": { "angle": 0, "axis": "y", "origin": [8, 3.5, 0.75] },
      "faces": {
        "north": { "uv": [5, 5, 5, 6], "texture": "#0" },
        "east": { "uv": [0, 5, 5, 6], "texture": "#0" },
        "south": { "uv": [10, 5, 10, 6], "texture": "#0" },
        "west": { "uv": [5, 5, 10, 6], "texture": "#0" },
        "up": { "uv": [5, 5, 5, 0], "texture": "#0" },
        "down": { "uv": [5, 0, 5, 5], "texture": "#0" }
      }
    },
    {
      "from": [3.75, 3.5, 3.75],
      "to": [3.75, 4.5, 8.75],
      "rotation": { "angle": 0, "axis": "y", "origin": [8, 3.5, 0.75] },
      "faces": {
        "north": { "uv": [5, 5, 5, 6], "texture": "#0" },
        "east": { "uv": [0, 5, 5, 6], "texture": "#0" },
        "south": { "uv": [10, 5, 10, 6], "texture": "#0" },
        "west": { "uv": [5, 5, 10, 6], "texture": "#0" },
        "up": { "uv": [5, 5, 5, 0], "texture": "#0" },
        "down": { "uv": [5, 0, 5, 5], "texture": "#0" }
      }
    }
  ],
  "display": {
    "thirdperson_righthand": {
      "translation": [-2.25, 2.25, 0],
      "scale": [0.5, 0.5, 0.5]
    },
    "thirdperson_lefthand": {
      "translation": [-2.25, 2.25, 0],
      "scale": [0.5, 0.5, 0.5]
    },
    "firstperson_righthand": {
      "translation": [0, 3, 0]
    },
    "firstperson_lefthand": {
      "translation": [0, 3, 0]
    },
    "ground": {
      "translation": [0, 1.75, 0]
    },
    "gui": {
      "rotation": [-22, 46, 0],
      "translation": [2, 6.75, 0],
      "scale": [1.6, 1.6, 1.6]
    },
    "head": {
      "translation": [0, 5.75, -0.75],
      "scale": [1.6, 1.6, 1.6]
    },
    "fixed": {
      "translation": [0, 6.75, 4.25],
      "scale": [1.6, 1.6, 1.6]
    }
  }
}
