{
  "credit": "Made with Blockbench",
  "texture_size": [32, 32],
  "textures": {
    "0": "block/crueltycraft/nightvisgoggles",
    "particle": "block/crueltycraft/nightvisgoggles"
  },
  "elements": [
    {
      "from": [9, 2.5, 3.5],
      "to": [11, 4.5, 3.75],
      "faces": {
        "north": { "uv": [1.5, 0.5, 2.5, 1.5], "texture": "#0" },
        "east": { "uv": [1.5, 0.5, 1.5, 1.5], "texture": "#0" },
        "south": { "uv": [2.5, 0.5, 3.5, 1.5], "texture": "#0" },
        "west": { "uv": [2.5, 0.5, 2.5, 1.5], "texture": "#0" },
        "up": { "uv": [2.5, 0.5, 1.5, 0.5], "texture": "#0" },
        "down": { "uv": [3.5, 0.5, 2.5, 0.5], "texture": "#0" }
      }
    },
    {
      "from": [9.5, 4.5, 3.75],
      "to": [10.5, 8, 3.75],
      "faces": {
        "north": { "uv": [0, 1, 0.5, 2.5], "texture": "#0" },
        "east": { "uv": [4.75, 2.75, 4.75, 4], "texture": "#0" },
        "south": { "uv": [0, 2.5, 0.5, 4], "texture": "#0" },
        "west": { "uv": [4.75, 1, 4.75, 2.25], "texture": "#0" },
        "up": { "uv": [4.5, 3.5, 4, 3.5], "texture": "#0" },
        "down": { "uv": [4.5, 3.25, 4, 3.25], "texture": "#0" }
      }
    },
    {
      "from": [9.5, 3, 12.25],
      "to": [10.5, 8, 12.25],
      "rotation": { "angle": 0, "axis": "y", "origin": [0, 0, 16] },
      "faces": {
        "north": { "uv": [0.5, 0, 1, 2.5], "texture": "#0" },
        "east": { "uv": [0, 0, 0, 2.5], "texture": "#0" },
        "south": { "uv": [0.5, 0, 1, 2.5], "texture": "#0" },
        "west": { "uv": [0.5, 0, 0.5, 2.5], "texture": "#0" },
        "up": { "uv": [0.5, 0, 0, 0], "texture": "#0" },
        "down": { "uv": [1, 0, 0.5, 0], "texture": "#0" }
      }
    },
    {
      "from": [9.5, 8, 3.75],
      "to": [10.5, 8, 12.25],
      "rotation": { "angle": 0, "axis": "x", "origin": [10, 6, 3.75] },
      "faces": {
        "north": { "uv": [4, 4, 4.5, 4], "texture": "#0" },
        "east": { "uv": [0, 4, 4, 4], "texture": "#0" },
        "south": { "uv": [8.5, 4, 9, 4], "texture": "#0" },
        "west": { "uv": [4.5, 4, 8.5, 4], "texture": "#0" },
        "up": { "uv": [4.5, 4, 4, 0], "texture": "#0" },
        "down": { "uv": [5, 0, 4.5, 4], "texture": "#0" }
      }
    },
    {
      "from": [11, 3, 3.75],
      "to": [12, 4, 3.75],
      "faces": {
        "north": { "uv": [2, 1.75, 2.25, 2], "texture": "#0" },
        "east": { "uv": [4.5, 1.75, 4.5, 2.25], "texture": "#0" },
        "south": { "uv": [4, 1.75, 4.5, 2.25], "texture": "#0" },
        "west": { "uv": [4.5, 1.75, 4.5, 2.25], "texture": "#0" },
        "up": { "uv": [4.5, 1.75, 4, 1.75], "texture": "#0" },
        "down": { "uv": [4.5, 2.25, 4, 2.25], "texture": "#0" }
      }
    },
    {
      "from": [10.5, 3, 12.25],
      "to": [12, 4, 12.25],
      "rotation": { "angle": 0, "axis": "y", "origin": [0, 0, 16] },
      "faces": {
        "north": { "uv": [4, 1.5, 4.5, 2], "texture": "#0" },
        "east": { "uv": [4.75, 2.5, 4.75, 3], "texture": "#0" },
        "south": { "uv": [4.5, 1.5, 5, 2], "texture": "#0" },
        "west": { "uv": [4.75, 0.5, 4.75, 1], "texture": "#0" },
        "up": { "uv": [4.5, 0.5, 4, 0.5], "texture": "#0" },
        "down": { "uv": [4.5, 0.75, 4, 0.75], "texture": "#0" }
      }
    },
    {
      "from": [12, 3, 3.75],
      "to": [12, 4, 12.25],
      "rotation": { "angle": 0, "axis": "y", "origin": [14.5, 3.5, 3.75] },
      "faces": {
        "north": { "uv": [4, 4, 4, 4.5], "texture": "#0" },
        "east": { "uv": [0, 4, 4, 4.5], "texture": "#0" },
        "south": { "uv": [8, 4, 8, 4.5], "texture": "#0" },
        "west": { "uv": [4, 4, 8, 4.5], "texture": "#0" },
        "up": { "uv": [4, 4, 4, 0], "texture": "#0" },
        "down": { "uv": [4, 0, 4, 4], "texture": "#0" }
      }
    }
  ],
  "display": {
    "thirdperson_righthand": {
      "translation": [-1, 1.5, 0],
      "scale": [0.5, 0.5, 0.5]
    },
    "thirdperson_lefthand": {
      "translation": [1, 1, 0],
      "scale": [0.5, 0.5, 0.5]
    },
    "firstperson_righthand": {
      "translation": [0, 3, 0]
    },
    "firstperson_lefthand": {
      "translation": [0, 3, 0]
    },
    "ground": {
      "translation": [0, 1.75, 0]
    },
    "gui": {
      "rotation": [9, -169, 10],
      "translation": [4.75, 4, 0],
      "scale": [1.8, 1.8, 1.8]
    },
    "head": {
      "translation": [0, 6.5, 0],
      "scale": [1.7, 1.7, 1.7]
    },
    "fixed": {
      "translation": [-7, 8.25, 11],
      "scale": [3, 3, 3]
    }
  },
  "groups": [
    {
      "name": "Head",
      "origin": [0, 24, 0],
      "rotation": [6, -5, 0],
      "color": 0,
      "children": [
        0,
        {
          "name": "group",
          "origin": [14.5, 3.5, 3.75],
          "color": 0,
          "children": [1, 2, 3, 4, 5, 6]
        }
      ]
    }
  ]
}
