{
  "credit": "Made with Blockbench",
  "texture_size": [64, 64],
  "textures": {
    "0": "block/crueltycraft/rainhat",
    "particle": "block/crueltycraft/rainhat"
  },
  "elements": [
    {
      "from": [4.75, 7, 4.5],
      "to": [11.25, 9.5, 11.5],
      "faces": {
        "north": { "uv": [2, 7, 3.625, 7.625], "texture": "#0" },
        "east": { "uv": [0, 6, 1.75, 6.625], "texture": "#0" },
        "south": { "uv": [4, 7.25, 5.625, 7.875], "texture": "#0" },
        "west": { "uv": [6, 0, 7.75, 0.625], "texture": "#0" },
        "up": { "uv": [7.125, 5, 5.5, 3.25], "texture": "#0" },
        "down": { "uv": [7.125, 5.25, 5.5, 7], "texture": "#0" }
      }
    },
    {
      "from": [4.75, 7, 3.5],
      "to": [11.25, 9.5, 4.5],
      "faces": {
        "north": { "uv": [6, 7.25, 7.625, 7.875], "texture": "#0" },
        "east": { "uv": [4, 6, 4.25, 6.625], "texture": "#0" },
        "south": { "uv": [7.5, 3, 9.125, 3.625], "texture": "#0" },
        "west": { "uv": [4.5, 6, 4.75, 6.625], "texture": "#0" },
        "up": { "uv": [9.125, 6.25, 7.5, 6], "texture": "#0" },
        "down": { "uv": [9.125, 6.5, 7.5, 6.75], "texture": "#0" }
      }
    },
    {
      "from": [4.75, 7, 11.5],
      "to": [11.25, 9.5, 12.5],
      "faces": {
        "north": { "uv": [7.5, 4, 9.125, 4.625], "texture": "#0" },
        "east": { "uv": [5, 6, 5.25, 6.625], "texture": "#0" },
        "south": { "uv": [7.5, 5, 9.125, 5.625], "texture": "#0" },
        "west": { "uv": [6.25, 8.25, 6.5, 8.875], "texture": "#0" },
        "up": { "uv": [3.125, 8.25, 1.5, 8], "texture": "#0" },
        "down": { "uv": [9.625, 2, 8, 2.25], "texture": "#0" }
      }
    },
    {
      "from": [11.25, 7, 11.5],
      "to": [12.25, 8.25, 12.5],
      "faces": {
        "north": { "uv": [2.5, 8.5, 2.75, 8.875], "texture": "#0" },
        "east": { "uv": [3, 8.5, 3.25, 8.875], "texture": "#0" },
        "south": { "uv": [7.75, 8.5, 8, 8.875], "texture": "#0" },
        "west": { "uv": [8.25, 8.5, 8.5, 8.875], "texture": "#0" },
        "up": { "uv": [8.75, 1.75, 8.5, 1.5], "texture": "#0" },
        "down": { "uv": [9.25, 1.5, 9, 1.75], "texture": "#0" }
      }
    },
    {
      "from": [3.75, 7, 11.5],
      "to": [4.75, 8.25, 12.5],
      "faces": {
        "north": { "uv": [3.5, 8.75, 3.75, 9.125], "texture": "#0" },
        "east": { "uv": [4, 8.75, 4.25, 9.125], "texture": "#0" },
        "south": { "uv": [4.5, 8.75, 4.75, 9.125], "texture": "#0" },
        "west": { "uv": [5, 8.75, 5.25, 9.125], "texture": "#0" },
        "up": { "uv": [8.25, 9.5, 8, 9.25], "texture": "#0" },
        "down": { "uv": [8.75, 9.25, 8.5, 9.5], "texture": "#0" }
      }
    },
    {
      "from": [3.75, 7, 3.5],
      "to": [4.75, 8.25, 4.5],
      "faces": {
        "north": { "uv": [5.5, 8.75, 5.75, 9.125], "texture": "#0" },
        "east": { "uv": [8.75, 8.5, 9, 8.875], "texture": "#0" },
        "south": { "uv": [2.5, 9.25, 2.75, 9.625], "texture": "#0" },
        "west": { "uv": [3, 9.25, 3.25, 9.625], "texture": "#0" },
        "up": { "uv": [9.5, 8.75, 9.25, 8.5], "texture": "#0" },
        "down": { "uv": [9.25, 9.25, 9, 9.5], "texture": "#0" }
      }
    },
    {
      "from": [11.25, 7, 3.5],
      "to": [12.25, 8.25, 4.5],
      "faces": {
        "north": { "uv": [6, 9.25, 6.25, 9.625], "texture": "#0" },
        "east": { "uv": [6.5, 9.25, 6.75, 9.625], "texture": "#0" },
        "south": { "uv": [7, 9.25, 7.25, 9.625], "texture": "#0" },
        "west": { "uv": [7.5, 9.25, 7.75, 9.625], "texture": "#0" },
        "up": { "uv": [1.75, 9.75, 1.5, 9.5], "texture": "#0" },
        "down": { "uv": [9.75, 1.5, 9.5, 1.75], "texture": "#0" }
      }
    },
    {
      "from": [11.25, 7, 4.5],
      "to": [12.25, 9.5, 11.5],
      "faces": {
        "north": { "uv": [6.75, 8.25, 7, 8.875], "texture": "#0" },
        "east": { "uv": [6, 1, 7.75, 1.625], "texture": "#0" },
        "south": { "uv": [7.25, 8.25, 7.5, 8.875], "texture": "#0" },
        "west": { "uv": [2, 6, 3.75, 6.625], "texture": "#0" },
        "up": { "uv": [0.25, 9.75, 0, 8], "texture": "#0" },
        "down": { "uv": [8.25, 0, 8, 1.75], "texture": "#0" }
      }
    },
    {
      "from": [3.75, 7, 4.5],
      "to": [4.75, 9.5, 11.5],
      "faces": {
        "north": { "uv": [1.5, 8.5, 1.75, 9.125], "texture": "#0" },
        "east": { "uv": [6, 2, 7.75, 2.625], "texture": "#0" },
        "south": { "uv": [2, 8.5, 2.25, 9.125], "texture": "#0" },
        "west": { "uv": [0, 7, 1.75, 7.625], "texture": "#0" },
        "up": { "uv": [0.75, 9.75, 0.5, 8], "texture": "#0" },
        "down": { "uv": [1.25, 8, 1, 9.75], "texture": "#0" }
      }
    },
    {
      "from": [3.25, 6.5, 3],
      "to": [12.75, 7, 13],
      "faces": {
        "north": { "uv": [8.5, 0.5, 10.875, 0.625], "texture": "#0" },
        "east": { "uv": [3.5, 8.25, 6, 8.375], "texture": "#0" },
        "south": { "uv": [8.5, 1, 10.875, 1.125], "texture": "#0" },
        "west": { "uv": [8.5, 0, 11, 0.125], "texture": "#0" },
        "up": { "uv": [2.375, 5.75, 0, 3.25], "texture": "#0" },
        "down": { "uv": [5.125, 3.25, 2.75, 5.75], "texture": "#0" }
      }
    },
    {
      "from": [2.5, 6.25, 2.25],
      "to": [13.5, 6.5, 13.75],
      "faces": {
        "north": { "uv": [8, 7.5, 10.75, 7.625], "texture": "#0" },
        "east": { "uv": [8, 2.5, 10.875, 2.625], "texture": "#0" },
        "south": { "uv": [8, 8, 10.75, 8.125], "texture": "#0" },
        "west": { "uv": [8, 7, 10.875, 7.125], "texture": "#0" },
        "up": { "uv": [2.75, 2.875, 0, 0], "texture": "#0" },
        "down": { "uv": [5.75, 0, 3, 2.875], "texture": "#0" }
      }
    }
  ],
  "display": {
    "thirdperson_righthand": {
      "translation": [0, -1.25, -1],
      "scale": [0.5, 0.5, 0.5]
    },
    "thirdperson_lefthand": {
      "translation": [0, -1.25, -1],
      "scale": [0.5, 0.5, 0.5]
    },
    "gui": {
      "rotation": [44, -32, 0],
      "translation": [0, 0.5, 0]
    },
    "head": {
      "rotation": [5, 0, 0],
      "translation": [0, 5, 0],
      "scale": [1.86484, 1.86484, 1.86484]
    },
    "fixed": {
      "rotation": [-90, 0, 0],
      "translation": [0, 0, -1.75],
      "scale": [1.5, 1.5, 1.5]
    }
  },
  "groups": [
    {
      "name": "group",
      "origin": [0, 0, 0],
      "color": 0,
      "children": [0, 1, 2, 3, 4, 5, 6, 7, 8, 9, 10]
    }
  ]
}
