{
  "parent": "item/generated",
  "textures": {
    "layer0": "item/disc_fragment_5"
  },
  "overrides": [
    {
      "predicate": {
        "custom_model_data": 1
      },
      "model": "item/records/disc_fragment_cs"
    },
    {
      "predicate": {
        "custom_model_data": 11
      },
      "model": "item/records/disc_fragment_toxiccrisis"
    },
    {
      "predicate": {
        "custom_model_data": 12
      },
      "model": "item/records/disc_fragment_wheeloffortune"
    },
    {
      "predicate": {
        "custom_model_data": 18
      },
      "model": "item/records/disc_fragment_entrapment"
    }
  ]
}
