{
  "parent": "minecraft:item/generated",
  "textures": {
    "layer0": "minecraft:item/iron_horse_armor"
  },
  "overrides": [
    {
      "predicate": {
        "custom_model_data": 1
      },
      "model": "minecraft:item/abominator"
    },
    {
      "predicate": {
        "custom_model_data": 2
      },
      "model": "minecraft:item/speedenhancergland"
    },
    {
      "predicate": { "custom_model_data": 3 },
      "model": "block/crueltycraft/lifeglasses"
    },
    {
      "predicate": { "custom_model_data": 4 },
      "model": "block/crueltycraft/zoomngo"
    },
    {
      "predicate": { "custom_model_data": 5 },
      "model": "block/crueltycraft/nightvisgoggles"
    },
    {
      "predicate": { "custom_model_data": 6 },
      "model": "minecraft:item/speedenhancernodecluster"
    },
    {
      "predicate": { "custom_model_data": 7 },
      "model": "minecraft:item/speedenhancertotalorganpackage"
    },
    {
      "predicate": { "custom_model_data": 8 },
      "model": "minecraft:item/alienlegwetware"
    },
    {
      "predicate": { "custom_model_data": 9 },
      "model": "minecraft:item/pneumaticlegs"
    },
    {
      "predicate": { "custom_model_data": 10 },
      "model": "minecraft:item/verticalentrydevice"
    },
    {
      "predicate": { "custom_model_data": 11 },
      "model": "minecraft:item/icarosmachine"
    },
    {
      "predicate": { "custom_model_data": 12 },
      "model": "minecraft:item/gunkboosters"
    },
    {
      "predicate": { "custom_model_data": 13 },
      "model": "minecraft:item/funkgrunters"
    },
    {
      "predicate": { "custom_model_data": 14 },
      "model": "minecraft:item/microbialoilsecretionglands"
    },
    {
      "predicate": { "custom_model_data": 15 },
      "model": "block/crueltycraft/rainhat"
    },
    {
      "predicate": { "custom_model_data": 16 },
      "model": "block/crueltycraft/flowerchute"
    },
    {
      "predicate": { "custom_model_data": 17 },
      "model": "minecraft:item/stealthsuit"
    },
    {
      "predicate": { "custom_model_data": 18 },
      "model": "minecraft:item/ammogland"
    },
    {
      "predicate": { "custom_model_data": 19 },
      "model": "minecraft:item/angularadvantagetacmunition"
    },
    {
      "predicate": { "custom_model_data": 20 },
      "model": "minecraft:item/cursedtorch"
    },
    {
      "predicate": { "custom_model_data": 21 },
      "model": "minecraft:item/golemsuit"
    },
    {
      "predicate": { "custom_model_data": 22 },
      "model": "minecraft:item/goooverdrive"
    },
    {
      "predicate": { "custom_model_data": 23 },
      "model": "minecraft:item/biothruster"
    },
    {
      "predicate": { "custom_model_data": 24 },
      "model": "minecraft:item/exsuit"
    },

    {
      "predicate": { "custom_model_data": 100 },
      "model": "minecraft:item/organs/brain"
    },
    {
      "predicate": { "custom_model_data": 101 },
      "model": "minecraft:item/organs/augmented_brain"
    },
    {
      "predicate": { "custom_model_data": 106 },
      "model": "minecraft:item/organs/kidney"
    },
    {
      "predicate": { "custom_model_data": 109 },
      "model": "minecraft:item/organs/intestine"
    },
    {
      "predicate": { "custom_model_data": 110 },
      "model": "minecraft:item/organs/putrid_intestine"
    },
    {
      "predicate": { "custom_model_data": 111 },
      "model": "minecraft:item/organs/appendix"
    },
    {
      "predicate": { "custom_model_data": 112 },
      "model": "minecraft:item/organs/spine"
    },
    {
      "predicate": { "custom_model_data": 113 },
      "model": "minecraft:item/organs/rotten_spine"
    },
    {
      "predicate": { "custom_model_data": 114 },
      "model": "minecraft:item/organs/stomach"
    },
    {
      "predicate": { "custom_model_data": 115 },
      "model": "minecraft:item/organs/nuclear_gut"
    },
    {
      "predicate": { "custom_model_data": 116 },
      "model": "minecraft:item/organs/pancreas"
    },
    {
      "predicate": { "custom_model_data": 117 },
      "model": "minecraft:item/organs/advanced_pancreas"
    }
  ]
}
