{"parent":"minecraft:item/generated","textures":{"layer0":"minecraft:item/leather_horse_armor"},"overrides":[{"predicate":{"custom_model_data":1},"model":"modelengine:fleshratcolored/head"},{"predicate":{"custom_model_data":2},"model":"modelengine:fleshratcolored/neck"},{"predicate":{"custom_model_data":3},"model":"modelengine:fleshratcolored/body"},{"predicate":{"custom_model_data":4},"model":"modelengine:fleshratcolored/body2"},{"predicate":{"custom_model_data":5},"model":"modelengine:fleshratcolored/body3"},{"predicate":{"custom_model_data":6},"model":"modelengine:fleshratcolored/body4"},{"predicate":{"custom_model_data":7},"model":"modelengine:fleshratcolored/tail"}]}