{
  "parent": "item/generated",
  "textures": {
    "layer0": "item/music_disc_11"
  },
  "overrides": [
    {
      "predicate": {
        "custom_model_data": 1
      },
      "model": "item/records/music_disc_cs"
    },
    {
      "predicate": {
        "custom_model_data": 2
      },
      "model": "item/records/music_disc_cs"
    },
    {
      "predicate": {
        "custom_model_data": 3
      },
      "model": "item/records/music_disc_cs"
    },
    {
      "predicate": {
        "custom_model_data": 4
      },
      "model": "item/records/music_disc_cs"
    },
    {
      "predicate": {
        "custom_model_data": 5
      },
      "model": "item/records/music_disc_cs"
    },
    {
      "predicate": {
        "custom_model_data": 6
      },
      "model": "item/records/music_disc_cs"
    },
    {
      "predicate": {
        "custom_model_data": 7
      },
      "model": "item/records/music_disc_cs"
    },
    {
      "predicate": {
        "custom_model_data": 8
      },
      "model": "item/records/music_disc_cs"
    },
    {
      "predicate": {
        "custom_model_data": 9
      },
      "model": "item/records/music_disc_cs"
    },
    {
      "predicate": {
        "custom_model_data": 10
      },
      "model": "item/records/music_disc_cs"
    },
    {
      "predicate": {
        "custom_model_data": 11
      },
      "model": "item/records/music_disc_toxiccrisis"
    },
    {
      "predicate": {
        "custom_model_data": 12
      },
      "model": "item/records/music_disc_wheeloffortune"
    },
    {
      "predicate": {
        "custom_model_data": 13
      },
      "model": "item/records/music_disc_cs"
    },
    {
      "predicate": {
        "custom_model_data": 14
      },
      "model": "item/records/music_disc_cs"
    },
    {
      "predicate": {
        "custom_model_data": 15
      },
      "model": "item/records/music_disc_cs"
    },
    {
      "predicate": {
        "custom_model_data": 16
      },
      "model": "item/records/music_disc_cs"
    },
    {
      "predicate": {
        "custom_model_data": 17
      },
      "model": "item/records/music_disc_cs"
    },
    {
      "predicate": {
        "custom_model_data": 18
      },
      "model": "item/records/music_disc_entrapment"
    }
  ]
}
