{
  "parent": "item/generated",
  "textures": {
    "layer0": "item/salmon"
  },
  "overrides": [
    {
      "predicate": {
        "custom_model_data": 1
      },
      "model": "item/fish/fleshrat"
    },
    {
      "predicate": {
        "custom_model_data": 2
      },
      "model": "item/fish/civilian"
    },
    {
      "predicate": {
        "custom_model_data": 3
      },
      "model": "item/fish/brainy"
    },
    {
      "predicate": {
        "custom_model_data": 4
      },
      "model": "item/fish/poolsucker"
    },
    {
      "predicate": {
        "custom_model_data": 5
      },
      "model": "item/fish/brimstone"
    },
    {
      "predicate": {
        "custom_model_data": 6
      },
      "model": "item/fish/drimp"
    },
    {
      "predicate": {
        "custom_model_data": 7
      },
      "model": "item/fish/gloomoid"
    },
    {
      "predicate": {
        "custom_model_data": 8
      },
      "model": "item/fish/smallman"
    },
    {
      "predicate": {
        "custom_model_data": 9
      },
      "model": "item/fish/bigman"
    },
    {
      "predicate": {
        "custom_model_data": 10
      },
      "model": "item/fish/fish"
    },
    {
      "predicate": {
        "custom_model_data": 11
      },
      "model": "item/fish/nightfreak"
    },
    {
      "predicate": {
        "custom_model_data": 12
      },
      "model": "item/fish/zooper"
    },
    {
      "predicate": {
        "custom_model_data": 13
      },
      "model": "item/fish/carabino"
    },
    {
      "predicate": {
        "custom_model_data": 14
      },
      "model": "item/fish/moonfish"
    },
    {
      "predicate": {
        "custom_model_data": 15
      },
      "model": "item/fish/eel"
    },
    {
      "predicate": {
        "custom_model_data": 16
      },
      "model": "item/fish/flounder"
    },
    {
      "predicate": {
        "custom_model_data": 17
      },
      "model": "item/fish/gigaflounder"
    },
    {
      "predicate": {
        "custom_model_data": 18
      },
      "model": "item/fish/blurpo"
    },
    {
      "predicate": {
        "custom_model_data": 19
      },
      "model": "item/fish/hydra"
    },
    {
      "predicate": {
        "custom_model_data": 20
      },
      "model": "item/fish/psychofish"
    },
    {
      "predicate": {
        "custom_model_data": 21
      },
      "model": "item/fish/bouncycastle"
    },
    {
      "predicate": {
        "custom_model_data": 22
      },
      "model": "item/fish/unidor"
    },
    {
      "predicate": {
        "custom_model_data": 23
      },
      "model": "item/fish/nocter"
    },
    {
      "predicate": {
        "custom_model_data": 24
      },
      "model": "item/fish/human"
    },
    {
      "predicate": {
        "custom_model_data": 25
      },
      "model": "item/fish/bubblefish"
    },
    {
      "predicate": {
        "custom_model_data": 26
      },
      "model": "item/fish/fragfish"
    },
    {
      "predicate": {
        "custom_model_data": 27
      },
      "model": "item/fish/flippy"
    },
    {
      "predicate": {
        "custom_model_data": 28
      },
      "model": "item/fish/skippy"
    },
    {
      "predicate": {
        "custom_model_data": 29
      },
      "model": "item/fish/grabshark"
    },
    {
      "predicate": {
        "custom_model_data": 30
      },
      "model": "item/fish/dolphin"
    },
    {
      "predicate": {
        "custom_model_data": 31
      },
      "model": "item/fish/octosaur"
    },
    {
      "predicate": {
        "custom_model_data": 32
      },
      "model": "item/fish/hexasaur"
    },
    {
      "predicate": {
        "custom_model_data": 33
      },
      "model": "item/fish/slurper"
    },
    {
      "predicate": {
        "custom_model_data": 34
      },
      "model": "item/fish/piper"
    },
    {
      "predicate": {
        "custom_model_data": 35
      },
      "model": "item/fish/bogdo"
    },
    {
      "predicate": {
        "custom_model_data": 36
      },
      "model": "item/fish/superbogdo"
    },
    {
      "predicate": {
        "custom_model_data": 37
      },
      "model": "item/fish/swampsucker"
    },
    {
      "predicate": {
        "custom_model_data": 38
      },
      "model": "item/fish/spiker"
    },
    {
      "predicate": {
        "custom_model_data": 39
      },
      "model": "item/fish/gunkeel"
    },
    {
      "predicate": {
        "custom_model_data": 40
      },
      "model": "item/fish/lucksucker"
    },
    {
      "predicate": {
        "custom_model_data": 41
      },
      "model": "item/fish/bonbo"
    },
    {
      "predicate": {
        "custom_model_data": 42
      },
      "model": "item/fish/fishofwealth"
    },
    {
      "predicate": {
        "custom_model_data": 43
      },
      "model": "item/fish/coiny"
    },
    {
      "predicate": {
        "custom_model_data": 44
      },
      "model": "item/fish/wheeloffortune"
    },
    {
      "predicate": {
        "custom_model_data": 45
      },
      "model": "item/fish/wheelofpain"
    },
    {
      "predicate": {
        "custom_model_data": 46
      },
      "model": "item/fish/brokenzippy3000"
    },
    {
      "predicate": {
        "custom_model_data": 47
      },
      "model": "item/fish/agon"
    },
    {
      "predicate": {
        "custom_model_data": 48
      },
      "model": "item/fish/bororion"
    },
    {
      "predicate": {
        "custom_model_data": 49
      },
      "model": "item/fish/creep"
    },
    {
      "predicate": {
        "custom_model_data": 50
      },
      "model": "item/fish/deltaforce"
    },
    {
      "predicate": {
        "custom_model_data": 51
      },
      "model": "item/fish/eternityslurper"
    },
    {
      "predicate": {
        "custom_model_data": 52
      },
      "model": "item/fish/dosfish"
    },
    {
      "predicate": {
        "custom_model_data": 53
      },
      "model": "item/fish/mistake"
    },
    {
      "predicate": {
        "custom_model_data": 54
      },
      "model": "item/fish/success"
    },
    {
      "predicate": {
        "custom_model_data": 55
      },
      "model": "item/fish/sunfish"
    },
    {
      "predicate": {
        "custom_model_data": 56
      },
      "model": "item/fish/cubert"
    },
    {
      "predicate": {
        "custom_model_data": 57
      },
      "model": "item/fish/glurm"
    },
    {
      "predicate": {
        "custom_model_data": 58
      },
      "model": "item/fish/darkfish"
    },
    {
      "predicate": {
        "custom_model_data": 59
      },
      "model": "item/fish/darkslurper"
    },
    {
      "predicate": {
        "custom_model_data": 60
      },
      "model": "item/fish/darksucker"
    },
    {
      "predicate": {
        "custom_model_data": 61
      },
      "model": "item/fish/icefish"
    },
    {
      "predicate": {
        "custom_model_data": 62
      },
      "model": "item/fish/icecubert"
    },
    {
      "predicate": {
        "custom_model_data": 63
      },
      "model": "item/fish/blossom"
    },
    {
      "predicate": {
        "custom_model_data": 64
      },
      "model": "item/fish/chthonner"
    },
    {
      "predicate": {
        "custom_model_data": 65
      },
      "model": "item/fish/head"
    },
    {
      "predicate": {
        "custom_model_data": 66
      },
      "model": "item/fish/pondman"
    },
    {
      "predicate": {
        "custom_model_data": 67
      },
      "model": "item/fish/helipod"
    },
    {
      "predicate": {
        "custom_model_data": 68
      },
      "model": "item/fish/engineofchaos"
    },
    {
      "predicate": {
        "custom_model_data": 69
      },
      "model": "item/fish/deadfish"
    },
    {
      "predicate": {
        "custom_model_data": 70
      },
      "model": "item/fish/trancer"
    },
    {
      "predicate": {
        "custom_model_data": 71
      },
      "model": "item/fish/fuzzoid"
    },
    {
      "predicate": {
        "custom_model_data": 72
      },
      "model": "item/fish/soul"
    },
    {
      "predicate": {
        "custom_model_data": 73
      },
      "model": "item/fish/ballsfish"
    }
  ]
}
