{
  "parent": "minecraft:item/generated",
  "textures": {
    "layer0": "minecraft:item/potion_overlay",
    "layer1": "minecraft:item/splash_potion"
  },
  "overrides": [
    {
      "predicate": {
        "custom_model_data": 1
      },
      "model": "minecraft:item/hegrenade"
    },
    {
      "predicate": {
        "custom_model_data": 2
      },
      "model": "minecraft:item/zzzzzspecialsedativegrenade"
    },
    {
      "predicate": {
        "custom_model_data": 3
      },
      "model": "minecraft:item/flechettegrenade"
    },
    {
      "predicate": {
        "custom_model_data": 4
      },
      "model": "minecraft:item/firstaidkit"
    }
  ]
}
